354875,ABDELMOUMENE DJABOU,ABDELMOUMENE,DJABOU,1987-01-31,Algeria,168,Club Africain,Forward,7,0
198243,ABEL AGUILAR,ABEL,AGUILAR,1985-01-06,Columbia,187,Toulouse FC,Midfielder,48,0
305372,ABEL HERNANDEZ,ABEL,HERNANDEZ,1990-08-08,Uruguay,186,US Citta di Palermo,Forward,12,0
379972,ACQUAH AFRIYIE,ACQUAH,AFRIYIE,1992-05-01,Ghana,162,Parma FC,Midfielder,4,0
353237,ADAM KWARASEY,ADAM,KWARASEY,1987-12-12,Ghana,190,Stromsgodset IF,Goalkeeper,21,0
361222,ADAM LALLANA,ADAM,LALLANA,1988-05-10,England,179,Southampton FC,Midfielder,4,0
368902,ADAM TAGGART,ADAM,TAGGART,1993-06-02,Australia,172,Newcastle United Jets FC,Forward,4,0
356409,ADMIR MEHMEDI,ADMIR,MEHMEDI,1991-03-16,Switzerland,183,SC Freiburg,Forward,21,0
379910,ADNAN JANUZAJ,ADNAN,JANUZAJ,1995-02-05,Belgium,180,Manchester United FC,Midfielder,0,0
349568,ADRIAN BONE,ADRIAN,BONE,1988-09-08,Ecuador,188,CD El Nacional,Goalkeeper,3,0
200847,ADRIAN RAMOS,ADRIAN,RAMOS,1986-01-22,Columbia,184,Hertha BSC,Forward,25,0
274703,AGUSTIN ORION,AGUSTIN,ORION,1981-07-26,Argentina,190,CA Boca Juniors,Goalkeeper,3,0
295153,AHMAD ALNAMEH,AHMAD,ALNAMEH,1982-10-20,Iran,189,Naft Tehran FC,Defender,9,0
344714,AHMED MUSA,AHMED,MUSA,1992-10-14,Nigeria,176,CSKA Moscow,Forward,37,0
376285,AISSA MANDI,AISSA,MANDI,1991-10-22,Algeria,184,Stade de Reims,Defender,2,0
302539,ALAN DZAGOEV,ALAN,DZAGOEV,1990-06-17,Russia,178,CSKA Moscow,Midfielder,32,0
336722,ALAN PULIDO,ALAN,PULIDO,1991-03-08,Mexico,176,Tigres UANL,Forward,5,0
364707,ALBERT ADOMAH,ALBERT,ADOMAH,1987-12-13,Ghana,162,Middlesbrough FC,Midfielder,14,0
215623,ALBERTO AQUILANI,ALBERTO,AQUILANI,1984-07-07,Italy,184,ACF Fiorentina,Midfielder,34,0
181698,ALDO RAMIREZ,ALDO,RAMIREZ,1981-04-18,Columbia,175,CA Monarcas Morelia,Midfielder,29,0
296273,ALEJANDRO BEDOYA,ALEJANDRO,BEDOYA,1987-04-29,USA,178,FC Nantes,Midfielder,26,0
186808,ALEKSANDR KERZHAKOV,ALEKSANDR,KERZHAKOV,1982-11-27,Russia,175,FC Zenit St. Petersburg,Forward,80,0
369983,ALEKSEI KOZLOV,ALEKSEI,KOZLOV,1986-12-25,Russia,185,FC Dynamo Moscow,Defender,10,0
228942,ALESSIO CERCI,ALESSIO,CERCI,1987-07-23,Italy,177,Torino FC,Forward,11,0
336869,ALEX IBARRA,ALEX,IBARRA,1991-01-20,Ecuador,171,Vitesse Arnheim,Midfielder,17,0
356198,ALEX OXLADE CHAMBERLAIN,ALEX,OXLADE CHAMBERLAIN,1993-08-15,England,180,Arsenal FC,Midfielder,14,0
182620,ALEX WILKINSON,ALEX,WILKINSON,1984-08-13,Australia,183,Jeonbuk Hyundai Motors FC,Defender,2,0
303419,ALEXANDER DOMINGUEZ,ALEXANDER,DOMINGUEZ,1987-06-05,Ecuador,196,LDU Quito,Goalkeeper,18,0
358048,ALEXANDER KOKORIN,ALEXANDER,KOKORIN,1991-03-19,Russia,182,FC Dynamo Moscow,Forward,21,0
228691,ALEXANDER MEJIA,ALEXANDER,MEJIA,1988-07-11,Columbia,179,Atletico Nacional,Midfielder,8,0
216435,ALEXANDER SAMEDOV,ALEXANDER,SAMEDOV,1984-07-19,Russia,178,FC Lokomotiv Moscow,Forward,16,0
200261,ALEXANDRE SONG,ALEXANDRE,SONG,1987-09-09,Cameroon,183,FC Barcelona,Midfielder,46,0
228351,ALEXANDROS TZIOLIS,ALEXANDROS,TZIOLIS,1985-02-13,Greece,190,Kayserispor,Midfielder,49,0
358881,ALEXEY IONOV,ALEXEY,IONOV,1989-02-18,Russia,178,FC Dynamo Moscow,Forward,5,0
228627,ALEXIS SANCHEZ,ALEXIS,SANCHEZ,1988-12-19,Chile,169,FC Barcelona,Forward,66,0
175546,ALFREDO TALAVERA,ALFREDO,TALAVERA,1982-09-18,Mexico,188,Deportivo Toluca FC,Goalkeeper,14,0
346763,ALIREZA HAGHIGHI,ALIREZA,HAGHIGHI,1988-05-02,Iran,193,Sporting Covilha,Goalkeeper,4,0
379886,ALIREZA JAHAN BAKHSH,ALIREZA,JAHAN BAKHSH,1993-08-11,Iran,181,NEC Nijmegen,Forward,5,0
355023,ALLAN NYOM,ALLAN,NYOM,1988-05-10,Cameroon,170,Granada CF,Defender,9,0
286259,ALVARO GONZALEZ,ALVARO,GONZALEZ,1984-10-29,Uruguay,175,SS Lazio,Midfielder,42,0
229502,ALVARO PEREIRA,ALVARO,PEREIRA,1985-11-28,Uruguay,182,Sao Paulo FC,Midfielder,56,0
213124,AMIRHOSSEIN SADEGHI,AMIRHOSSEIN,SADEGHI,1981-09-06,Iran,185,Esteghlal Tehran FC,Defender,14,0
237949,ANDRANIK TIMOTIAN,ANDRANIK,TIMOTIAN,1983-03-06,Iran,178,Esteghlal Tehran FC,Midfielder,77,0
375453,ANDRE ALMEIDA,ANDRE,ALMEIDA,1990-09-10,Portugal,185,SL Benfica,Defender,3,0
294620,ANDRE AYEW,ANDRE,AYEW,1989-12-17,Ghana,175,Olympique Marseille,Midfielder,47,0
306548,ANDRE SCHUERRLE,ANDRE,SCHUERRLE,1990-11-06,Germany,184,Chelsea FC,Forward,32,0
214377,ANDREA BARZAGLI,ANDREA,BARZAGLI,1981-05-08,Italy,186,Juventus FC,Defender,47,0
177876,ANDREA PIRLO,ANDREA,PIRLO,1979-05-19,Italy,177,Juventus FC,Midfielder,108,0
362649,ANDREAS SAMARIS,ANDREAS,SAMARIS,1989-06-13,Greece,190,Olympiacos Piraeus FC,Midfielder,4,0
251352,ANDRES GUARDADO,ANDRES,GUARDADO,1986-09-28,Mexico,167,Bayer 04 Leverkusen,Defender,101,0
183857,ANDRES INIESTA,ANDRES,INIESTA,1984-05-11,Spain,170,FC Barcelona,Midfielder,96,0
358893,ANDREY ESHCHENKO,ANDREY,ESHCHENKO,1984-02-09,Russia,177,FC Anzhi Makhachkala,Defender,11,0
379985,ANDREY SEMENOV,ANDREY,SEMENOV,1989-03-24,Russia,191,FC Terek Grozny,Defender,1,0
330693,ANDY NAJAR,ANDY,NAJAR,1993-03-16,Honduras,170,RSC Anderlecht,Midfielder,17,0
374529,ANEL HADZIC,ANEL,HADZIC,1989-08-16,Bosnia & Herzegovina,184,SK Sturm Graz,Midfielder,2,0
266800,ANGEL DI MARIA,ANGEL,DI MARIA,1988-02-14,Argentina,178,Real Madrid CF,Midfielder,45,0
369058,ANTE REBIC,ANTE,REBIC,1993-09-21,Croatia,185,ACF Fiorentina,Forward,4,0
216006,ANTHONY VANDEN BORRE,ANTHONY,VANDEN BORRE,1987-10-24,Belgium,185,RSC Anderlecht,Defender,25,0
336435,ANTOINE GRIEZMANN,ANTOINE,GRIEZMANN,1991-03-21,France,175,Real Sociedad,Forward,3,0
298662,ANTONIO CANDREVA,ANTONIO,CANDREVA,1987-02-28,Italy,180,SS Lazio,Midfielder,19,0
177927,ANTONIO CASSANO,ANTONIO,CASSANO,1982-07-12,Italy,175,Parma FC,Forward,36,0
202544,ANTONIO VALENCIA,ANTONIO,VALENCIA,1985-08-04,Ecuador,180,Manchester United FC,Midfielder,70,1
184616,ARJEN ROBBEN,ARJEN,ROBBEN,1984-01-23,Netherlands,180,FC Bayern Muenchen,Forward,74,0
367347,ARON JOHANNSSON,ARON,JOHANNSSON,1990-11-10,USA,182,AZ Alkmaar,Forward,8,0
198489,ARTHUR BOKA,ARTHUR,BOKA,1983-04-02,Ivory Coast,166,VfB Stuttgart,Defender,77,0
267543,ARTURO VIDAL,ARTURO,VIDAL,1987-05-22,Chile,178,Juventus FC,Midfielder,53,0
208353,ASAMOAH GYAN,ASAMOAH,GYAN,1985-11-22,Ghana,186,Al Ain FC,Forward,77,1
196812,ASHKAN DEJAGAH,ASHKAN,DEJAGAH,1986-07-05,Iran,182,Fulham FC,Forward,13,0
358097,ASMIR AVDUKIC,ASMIR,AVDUKIC,1981-05-13,Bosnia & Herzegovina,190,FK Borac Banja Luka,Goalkeeper,3,0
230121,ASMIR BEGOVIC,ASMIR,BEGOVIC,1987-06-20,Bosnia & Herzegovina,198,Stoke City FC,Goalkeeper,30,0
268474,ATSUTO UCHIDA,ATSUTO,UCHIDA,1988-03-27,Japan,176,FC Schalke 04,Defender,67,0
298892,AUGUSTO FERNANDEZ,AUGUSTO,FERNANDEZ,1986-04-10,Argentina,177,Celta Vigo,Midfielder,7,0
278732,AURELIEN CHEDJOU,AURELIEN,CHEDJOU,1985-06-20,Cameroon,185,Galatasaray SK,Defender,29,0
184856,AUSTINE EJIDE,AUSTINE,EJIDE,1984-04-08,Nigeria,186,Hapoel Beer Sheva FC,Goalkeeper,31,0
359997,AVDIJA VRSAJEVIC,AVDIJA,VRSAJEVIC,1986-03-06,Bosnia & Herzegovina,182,HNK Hajduk Split,Midfielder,13,0
290821,AXEL WITSEL,AXEL,WITSEL,1989-01-12,Belgium,183,FC Zenit St. Petersburg,Midfielder,48,0
356711,AZUBUIKE EGWUEKWE,AZUBUIKE,EGWUEKWE,1989-07-16,Nigeria,195,Warri Wolves FC,Defender,31,0
254141,BACARY SAGNA,BACARY,SAGNA,1983-02-14,France,175,Arsenal FC,Defender,40,0
379165,BAILEY WRIGHT,BAILEY,WRIGHT,1992-07-28,Australia,184,Preston North End FC,Defender,0,0
346731,BAKHTIAR RAHMANI,BAKHTIAR,RAHMANI,1991-09-23,Iran,179,Foolad Khuzestan FC,Midfielder,3,0
196752,BASTIAN SCHWEINSTEIGER,BASTIAN,SCHWEINSTEIGER,1984-08-01,Germany,183,FC Bayern Muenchen,Midfielder,101,0
253999,BEN FOSTER,BEN,FOSTER,1983-04-03,England,193,West Bromwich Albion FC,Goalkeeper,6,0
379164,BEN HALLORAN,BEN,HALLORAN,1992-06-14,Australia,180,Fortuna Duesseldorf,Forward,1,0
311148,BENEDIKT HOEWEDES,BENEDIKT,HOEWEDES,1988-02-29,Germany,187,FC Schalke 04,Defender,20,0
296118,BENJAMIN MOUKANDJO,BENJAMIN,MOUKANDJO,1988-11-12,Cameroon,178,AS Nancy,Forward,16,0
306180,BENOIT ASSOU EKOTTO,BENOIT,ASSOU EKOTTO,1984-03-24,Cameroon,178,Queens Park Rangers FC,Defender,21,0
356669,BERNARD DUARTE,BERNARD,DUARTE,1992-09-08,Brazil,166,Shakhtar Donetsk,Forward,10,0
214404,BETO BASTOS,BETO,BASTOS,1982-05-01,Portugal,183,Sevilla FC,Goalkeeper,7,0
358014,BLAISE MATUIDI,BLAISE,MATUIDI,1987-04-09,France,175,Paris Saint-Germain FC,Midfielder,22,0
216646,BLERIM DZEMAILI,BLERIM,DZEMAILI,1986-04-12,Switzerland,179,SSC Napoli,Midfielder,34,0
237071,BONIEK GARCIA,BONIEK,GARCIA,1984-09-04,Honduras,176,Houston Dynamo,Midfielder,90,0
178958,BOUBACAR BARRY,BOUBACAR,BARRY,1979-12-30,Ivory Coast,180,KSC Lokeren,Goalkeeper,76,0
181951,BRAD DAVIS,BRAD,DAVIS,1981-11-08,USA,180,Houston Dynamo,Midfielder,16,0
276139,BRAD GUZAN,BRAD,GUZAN,1984-09-09,USA,193,Aston Villa FC,Goalkeeper,25,0
339551,BRAYAN BECKELES,BRAYAN,BECKELES,1985-11-28,Honduras,186,CD Olimpia,Defender,23,0
210213,BRUNO ALVES,BRUNO,ALVES,1981-11-27,Portugal,187,Fenerbahce SK,Defender,71,0
358736,BRUNO MARTINS INDI,BRUNO,MARTINS INDI,1992-02-08,Netherlands,186,Feyenoord Rotterdam,Defender,15,0
214876,BRYAN RUIZ,BRYAN,RUIZ,1985-08-18,Costa Rica,187,PSV Eindhoven,Forward,62,1
360642,CAMILO VARGAS,CAMILO,VARGAS,1989-03-09,Columbia,185,Independiente Santa Fe,Goalkeeper,0,0
239237,CARL MEDJANI,CARL,MEDJANI,1985-05-15,Algeria,180,Valenciennes FC,Defender,25,0
271414,CARLO COSTLY,CARLO,COSTLY,1982-07-18,Honduras,190,Real Espana,Forward,68,0
349512,CARLOS BACCA,CARLOS,BACCA,1986-09-08,Columbia,181,Sevilla FC,Forward,10,0
229436,CARLOS CARMONA,CARLOS,CARMONA,1987-02-21,Chile,179,Atalanta Bergamo,Midfielder,44,0
332827,CARLOS GRUEZO,CARLOS,GRUEZO,1995-04-19,Ecuador,171,VfB Stuttgart,Midfielder,2,0
303394,CARLOS PENA,CARLOS,PENA,1990-03-29,Mexico,176,Club Leon,Midfielder,14,0
218253,CARLOS SALCIDO,CARLOS,SALCIDO,1980-04-02,Mexico,176,Tigres UANL,Defender,120,0
280487,CARLOS SANCHEZ,CARLOS,SANCHEZ,1986-02-06,Columbia,182,Elche CF,Midfielder,43,0
217117,CARLOS VALDES,CARLOS,VALDES,1985-05-22,Columbia,189,CA San Lorenzo de Almagro,Defender,13,0
380060,CEDRIC DJEUGOUE,CEDRIC,DJEUGOUE,1992-08-28,Cameroon,175,Coton Sport FC,Defender,3,0
356166,CEDRIC SI MOHAMMED,CEDRIC,SI MOHAMMED,1985-01-09,Algeria,182,CS Constantine,Goalkeeper,1,0
236530,CELSO BORGES,CELSO,BORGES,1988-05-27,Costa Rica,184,AIK Solna,Midfielder,61,0
270948,CESAR AZPILICUETA,CESAR,AZPILICUETA,1989-08-28,Spain,178,Chelsea FC,Midfielder,6,0
200179,CESC FABREGAS,CESC,FABREGAS,1987-05-04,Spain,175,FC Barcelona,Midfielder,88,0
318150,CHARLES ARANGUIZ,CHARLES,ARANGUIZ,1989-04-17,Chile,171,SC Internacional,Midfielder,20,0
216990,CHARLES ITANDJE,CHARLES,ITANDJE,1982-11-02,Cameroon,185,Konyaspor,Goalkeeper,9,0
182479,CHIGOZIE AGBIM,CHIGOZIE,AGBIM,1984-11-28,Nigeria,187,Enugu Rangers FC,Goalkeeper,14,0
356748,CHRIS SMALLING,CHRIS,SMALLING,1989-11-22,England,194,Manchester United FC,Defender,11,0
339508,CHRIS WONDOLOWSKI,CHRIS,WONDOLOWSKI,1983-01-28,USA,182,San Jose Earthquakes,Forward,19,0
355997,CHRISTIAN ATSU,CHRISTIAN,ATSU,1992-01-10,Ghana,165,Vitesse Arnheim,Midfielder,22,0
183796,CHRISTIAN BOLANOS,CHRISTIAN,BOLANOS,1984-05-17,Costa Rica,178,FC Kobenhavn,Midfielder,54,0
380069,CHRISTOPH KRAMER,CHRISTOPH,KRAMER,1991-02-19,Germany,189,Borussia Moenchengladbach,Midfielder,2,0
306780,CIRO IMMOBILE,CIRO,IMMOBILE,1990-02-20,Italy,184,Torino FC,Forward,2,0
202650,CLAUDIO BRAVO,CLAUDIO,BRAVO,1983-04-13,Chile,185,Real Sociedad,Goalkeeper,79,1
298664,CLAUDIO MARCHISIO,CLAUDIO,MARCHISIO,1986-01-19,Italy,179,Juventus FC,Midfielder,43,0
336434,CLEMENT GRENIER,CLEMENT,GRENIER,1991-01-07,France,186,Olympique Lyonnais,Midfielder,5,0
207851,CLINT DEMPSEY,CLINT,DEMPSEY,1983-03-09,USA,185,Seattle Sounders FC,Forward,103,1
240718,CONSTANT DJAKPA,CONSTANT,DJAKPA,1986-10-17,Ivory Coast,177,Eintracht Frankfurt,Defender,4,0
279417,CRISTHIAN NOBOA,CRISTHIAN,NOBOA,1985-04-09,Ecuador,181,FC Dynamo Moscow,Midfielder,41,0
229506,CRISTHIAN STUANI,CRISTHIAN,STUANI,1986-10-12,Uruguay,186,RCD Espanyol,Forward,9,0
307026,CRISTIAN GAMBOA,CRISTIAN,GAMBOA,1989-10-24,Costa Rica,175,Rosenborg BK,Defender,25,0
216567,CRISTIAN RODRIGUEZ,CRISTIAN,RODRIGUEZ,1985-09-30,Uruguay,178,Atletico Madrid,Midfielder,72,0
200209,CRISTIAN ZAPATA,CRISTIAN,ZAPATA,1986-09-30,Columbia,187,AC Milan,Defender,23,0
201200,CRISTIANO RONALDO,CRISTIANO,RONALDO,1985-02-05,Portugal,185,Real Madrid CF,Forward,110,1
228624,CRISTOPHER TOSELLI,CRISTOPHER,TOSELLI,1988-06-15,Chile,181,CD Universidad Catolica,Goalkeeper,4,0
319432,DALEY BLIND,DALEY,BLIND,1990-03-09,Netherlands,180,AFC Ajax,Defender,11,0
175498,DAMARCUS BEASLEY,DAMARCUS,BEASLEY,1982-05-24,USA,170,Puebla FC,Defender,115,0
190962,DANI ALVES,DANI,ALVES,1983-05-06,Brazil,175,FC Barcelona,Defender,74,0
199160,DANIEL CAMBRONERO,DANIEL,CAMBRONERO,1986-01-08,Costa Rica,181,CS Herediano,Goalkeeper,2,0
379888,DANIEL DAVARI,DANIEL,DAVARI,1988-01-06,Iran,193,Eintracht Braunschweig,Goalkeeper,4,0
269071,DANIEL OPARE,DANIEL,OPARE,1990-10-18,Ghana,172,Standard Liege,Defender,16,0
306532,DANIEL STURRIDGE,DANIEL,STURRIDGE,1989-09-01,England,179,Liverpool FC,Forward,11,0
375523,DANIEL VAN BUYTEN,DANIEL,VAN BUYTEN,1978-02-07,Belgium,196,FC Bayern Muenchen,Defender,79,0
209119,DANIELE DE ROSSI,DANIELE,DE ROSSI,1983-07-24,Italy,182,AS Roma,Midfielder,94,0
210702,DANIJEL PRANJIC,DANIJEL,PRANJIC,1981-12-02,Croatia,172,Panathinaikos FC,Defender,49,0
299887,DANIJEL SUBASIC,DANIJEL,SUBASIC,1984-10-27,Croatia,191,AS Monaco,Goalkeeper,6,0
274034,DANNY WELBECK,DANNY,WELBECK,1990-11-26,England,184,Manchester United FC,Forward,22,0
367913,DANTE SANTOS,DANTE,SANTOS,1983-10-18,Brazil,189,FC Bayern Muenchen,Defender,12,0
200259,DANY NOUNKEU,DANY,NOUNKEU,1986-04-11,Cameroon,183,Besiktas JK,Defender,15,0
210704,DARIJO SRNA,DARIJO,SRNA,1982-05-01,Croatia,182,Shakhtar Donetsk,Defender,111,1
290800,DARIO VIDOSIC,DARIO,VIDOSIC,1987-04-08,Australia,185,FC Sion,Midfielder,22,0
319428,DARYL JANMAAT,DARYL,JANMAAT,1989-07-22,Netherlands,186,Feyenoord Rotterdam,Defender,15,0
269859,DAVID DE GEA,DAVID,DE GEA,1990-11-07,Spain,190,Manchester United FC,Goalkeeper,0,0
271043,DAVID LUIZ,DAVID,LUIZ,1987-04-22,Brazil,189,Chelsea FC,Defender,35,0
228686,DAVID OSPINA,DAVID,OSPINA,1988-08-31,Columbia,183,OGC Nice,Goalkeeper,43,0
200176,DAVID SILVA,DAVID,SILVA,1986-01-08,Spain,170,Manchester City FC,Midfielder,79,0
229884,DAVID VILLA,DAVID,VILLA,1981-12-03,Spain,175,Atletico Madrid,Forward,95,0
368973,DEANDRE YEDLIN,DEANDRE,YEDLIN,1993-07-09,USA,175,Seattle Sounders FC,Defender,4,0
312432,DEJAN LOVREN,DEJAN,LOVREN,1989-07-05,Croatia,188,Southampton FC,Defender,24,0
358049,DENIS GLUSHAKOV,DENIS,GLUSHAKOV,1987-01-27,Russia,182,FC Spartak Moscow,Midfielder,26,0
212306,DIDIER DROGBA,DIDIER,DROGBA,1978-03-11,Ivory Coast,180,Galatasaray SK,Forward,100,1
176971,DIDIER ZOKORA,DIDIER,ZOKORA,1980-12-14,Ivory Coast,183,Trabzonspor,Defender,119,0
367555,DIE SEREY,DIE,SEREY,1984-11-07,Ivory Coast,179,FC Basel,Midfielder,6,0
196633,DIEGO BENAGLIO,DIEGO,BENAGLIO,1983-09-08,Switzerland,195,VfL Wolfsburg,Goalkeeper,57,0
336837,DIEGO CALVO,DIEGO,CALVO,1991-03-25,Costa Rica,178,Valerenga IF,Midfielder,9,0
367920,DIEGO COSTA,DIEGO,COSTA,1988-10-07,Spain,188,Atletico Madrid,Forward,3,0
189259,DIEGO FORLAN,DIEGO,FORLAN,1979-05-19,Uruguay,181,Cerezo Osaka,Forward,109,0
229499,DIEGO GODIN,DIEGO,GODIN,1986-02-16,Uruguay,185,Atletico Madrid,Defender,76,0
239433,DIEGO LUGANO,DIEGO,LUGANO,1980-11-02,Uruguay,188,West Bromwich Albion FC,Defender,93,1
185359,DIEGO PEREZ,DIEGO,PEREZ,1980-05-18,Uruguay,176,Bologna FC,Midfielder,89,0
308082,DIEGO REYES,DIEGO,REYES,1992-09-19,Mexico,189,FC Porto,Defender,14,0
215513,DIMITRIOS SALPINGIDIS,DIMITRIOS,SALPINGIDIS,1981-08-18,Greece,171,PAOK FC,Forward,75,0
217313,DIRK KUYT,DIRK,KUYT,1980-07-22,Netherlands,184,Fenerbahce SK,Forward,98,0
379911,DIVOCK ORIGI,DIVOCK,ORIGI,1995-04-18,Belgium,185,Lille OSC,Forward,1,0
323339,DJAMEL MESBAH,DJAMEL,MESBAH,1984-10-09,Algeria,179,AS Livorno,Defender,26,0
300237,DMITRY KOMBAROV,DMITRY,KOMBAROV,1987-01-22,Russia,182,FC Spartak Moscow,Defender,22,0
299896,DOMAGOJ VIDA,DOMAGOJ,VIDA,1989-04-29,Croatia,184,FC Dynamo Kyiv,Defender,22,0
213871,DONIS ESCOBER,DONIS,ESCOBER,1981-02-03,Honduras,180,CD Olimpia,Goalkeeper,20,0
358114,DRIES MERTENS,DRIES,MERTENS,1987-05-06,Belgium,164,SSC Napoli,Midfielder,24,0
368009,EBENEZER ODUNLAMI,EBENEZER,ODUNLAMI,1991-04-30,Nigeria,187,Sunshine Stars FC,Defender,11,0
296312,EDDER DELGADO,EDDER,DELGADO,1986-11-20,Honduras,179,Real Espana,Midfielder,26,0
273996,EDEN HAZARD,EDEN,HAZARD,1991-01-07,Belgium,172,Chelsea FC,Midfielder,45,0
359436,EDER LOPES,EDER,LOPES,1987-12-22,Portugal,190,Sporting Braga,Forward,7,0
369546,EDER BALANTA,EDER,BALANTA,1993-02-28,Columbia,181,CA River Plate,Defender,2,0
336791,EDGAR SALLI,EDGAR,SALLI,1992-08-17,Cameroon,163,RC Lens,Midfielder,8,0
300409,EDIN DZEKO,EDIN,DZEKO,1986-03-17,Bosnia & Herzegovina,192,Manchester City FC,Forward,62,0
365747,EDIN VISCA,EDIN,VISCA,1990-02-17,Bosnia & Herzegovina,172,Istanbul BBSK,Forward,10,0
267834,EDINSON CAVANI,EDINSON,CAVANI,1987-02-14,Uruguay,188,Paris Saint-Germain FC,Forward,61,0
178842,EDISON MENDEZ,EDISON,MENDEZ,1979-03-16,Ecuador,175,Independiente Santa Fe,Midfielder,110,0
214384,EDUARDO DA SILVA,EDUARDO,DA SILVA,1983-02-25,Croatia,177,Shakhtar Donetsk,Forward,62,0
299066,EDUARDO CARVALHO,EDUARDO,CARVALHO,1982-09-19,Portugal,187,Sporting Braga,Goalkeeper,33,0
270301,EDUARDO VARGAS,EDUARDO,VARGAS,1989-11-20,Chile,175,Valencia CF,Forward,29,0
273291,EFE AMBROSE,EFE,AMBROSE,1988-10-18,Nigeria,190,Celtic FC,Defender,36,0
286238,EGIDIO AREVALO,EGIDIO,AREVALO,1982-01-01,Uruguay,168,CA Monarcas Morelia,Midfielder,54,0
288961,EHSAN HAJI SAFI,EHSAN,HAJI SAFI,1990-02-25,Iran,177,Sepahan FC,Midfielder,58,0
198117,EIJI KAWASHIMA,EIJI,KAWASHIMA,1983-03-20,Japan,185,Standard Liege,Goalkeeper,56,0
296994,EL ARABI SOUDANI,EL,ARABI SOUDANI,1987-11-25,Algeria,177,GNK Dinamo Zagreb,Forward,21,0
319340,ELIAQUIM MANGALA,ELIAQUIM,MANGALA,1991-02-13,France,188,FC Porto,Defender,3,0
230117,EMILIO IZAGUIRRE,EMILIO,IZAGUIRRE,1986-05-10,Honduras,177,Celtic FC,Midfielder,65,0
216069,EMIR SPAHIC,EMIR,SPAHIC,1980-08-18,Bosnia & Herzegovina,183,Bayer 04 Leverkusen,Defender,74,1
274946,EMMANUEL AGYEMANG BADU,EMMANUEL,AGYEMANG BADU,1990-12-02,Ghana,173,Udinese Calcio,Midfielder,47,0
364763,EMMANUEL EMENIKE,EMMANUEL,EMENIKE,1987-05-10,Nigeria,182,Fenerbahce SK,Forward,22,0
373400,ENNER VALENCIA,ENNER,VALENCIA,1989-11-04,Ecuador,179,CF Pachuca,Forward,9,0
310048,ENOH EYONG,ENOH,EYONG,1986-03-23,Cameroon,180,Antalyaspor AS,Midfielder,35,0
316997,ENZO PEREZ,ENZO,PEREZ,1986-02-22,Argentina,177,SL Benfica,Midfielder,6,0
312316,ERIC CHOUPO MOTING,ERIC,CHOUPO MOTING,1989-03-23,Cameroon,190,FSV Mainz 05,Forward,26,0
379952,ERIK DURM,ERIK,DURM,1992-05-12,Germany,183,Borussia Dortmund,Defender,1,0
372989,ERMIN BICAKCIC,ERMIN,BICAKCIC,1990-01-24,Bosnia & Herzegovina,185,Eintracht Braunschweig,Defender,7,0
356162,ESSEID BELKALEM,ESSEID,BELKALEM,1989-01-01,Algeria,190,Watford FC,Defender,13,0
313874,ESTEBAN PAREDES,ESTEBAN,PAREDES,1980-08-01,Chile,179,CSD Colo-Colo,Forward,34,0
209168,EUGENE GALEKOVIC,EUGENE,GALEKOVIC,1981-06-12,Australia,186,Adelaide United FC,Goalkeeper,8,0
349592,EUGENIO MENA,EUGENIO,MENA,1988-07-18,Chile,174,Santos FC,Defender,24,0
200130,EZEQUIEL GARAY,EZEQUIEL,GARAY,1986-10-10,Argentina,186,SL Benfica,Defender,18,0
229392,EZEQUIEL LAVEZZI,EZEQUIEL,LAVEZZI,1985-05-03,Argentina,173,Paris Saint-Germain FC,Forward,29,0
311174,FABIAN JOHNSON,FABIAN,JOHNSON,1987-12-11,USA,182,TSG 1899 Hoffenheim,Defender,21,0
281252,FABIAN ORELLANA,FABIAN,ORELLANA,1986-01-27,Chile,168,Celta Vigo,Forward,25,0
356411,FABIAN SCHAER,FABIAN,SCHAER,1991-12-20,Switzerland,186,FC Basel,Defender,6,0
269784,FABIO COENTRAO,FABIO,COENTRAO,1988-03-11,Portugal,181,Real Madrid CF,Defender,43,0
367396,FABRICE OLINGA,FABRICE,OLINGA,1996-05-12,Cameroon,177,SV Zulte Waregem,Forward,7,0
364088,FAOUZI GHOULAM,FAOUZI,GHOULAM,1991-02-01,Algeria,184,SSC Napoli,Defender,5,0
94918,FARYD MONDRAGON,FARYD,MONDRAGON,1971-06-21,Columbia,191,Deportivo Cali,Goalkeeper,50,0
376071,FATAWU DAUDA,FATAWU,DAUDA,1985-04-06,Ghana,180,Orlando Pirates,Goalkeeper,17,0
318034,FEDERICO FERNANDEZ,FEDERICO,FERNANDEZ,1989-02-21,Argentina,190,SSC Napoli,Defender,24,0
228715,FELIPE CAICEDO,FELIPE,CAICEDO,1988-09-05,Ecuador,183,Al Jazira SCC,Forward,49,0
349588,FELIPE GUTIERREZ,FELIPE,GUTIERREZ,1990-10-08,Chile,175,FC Twente,Midfielder,17,0
208016,FERNANDINHO LUIZ ROZA,FERNANDINHO,LUIZ ROZA,1985-05-04,Brazil,179,Manchester City FC,Midfielder,6,0
201001,FERNANDO GAGO,FERNANDO,GAGO,1986-04-10,Argentina,178,CA Boca Juniors,Midfielder,47,0
229498,FERNANDO MUSLERA,FERNANDO,MUSLERA,1986-06-16,Uruguay,190,Galatasaray SK,Goalkeeper,57,0
183864,FERNANDO TORRES,FERNANDO,TORRES,1984-03-20,Spain,186,Chelsea FC,Forward,107,0
375459,FIDEL MARTINEZ,FIDEL,MARTINEZ,1990-02-15,Ecuador,176,Club Tijuana,Midfielder,8,0
209960,FRANCISCO RODRIGUEZ,FRANCISCO,RODRIGUEZ,1981-10-20,Mexico,191,Club America,Defender,92,0
349582,FRANCISCO SILVA,FRANCISCO,SILVA,1986-02-11,Chile,178,CA Osasuna,Midfielder,11,0
248373,FRANCK RIBERY,FRANCK,RIBERY,1983-04-07,France,175,FC Bayern Muenchen,Forward,81,0
185385,FRANK LAMPARD,FRANK,LAMPARD,1978-06-20,England,181,Chelsea FC,Midfielder,103,0
362881,FRASER FORSTER,FRASER,FORSTER,1988-03-17,England,201,Celtic FC,Goalkeeper,1,0
233952,FRED CHAVES GUEDES,FRED,CHAVES GUEDES,1983-10-03,Brazil,186,Fluminense FC,Forward,32,0
200219,FREDY GUARIN,FREDY,GUARIN,1986-06-30,Columbia,187,FC Internazionale,Midfielder,48,0
349578,FRICKSON ERAZO,FRICKSON,ERAZO,1988-05-05,Ecuador,189,CR Flamengo,Defender,36,0
229450,GABRIEL ACHILIER,GABRIEL,ACHILIER,1985-03-24,Ecuador,183,CS Emelec,Defender,22,0
233333,GABRIEL PALETTA,GABRIEL,PALETTA,1986-02-15,Italy,187,Parma FC,Defender,2,0
305764,GARY CAHILL,GARY,CAHILL,1985-12-19,England,191,Chelsea FC,Defender,23,0
267527,GARY MEDEL,GARY,MEDEL,1987-08-03,Chile,171,Cardiff City FC,Defender,60,0
312116,GASTON RAMIREZ,GASTON,RAMIREZ,1990-12-02,Uruguay,183,Southampton FC,Midfielder,28,0
216650,GELSON FERNANDES,GELSON,FERNANDES,1986-09-02,Switzerland,179,SC Freiburg,Midfielder,47,0
321971,GEOFF CAMERON,GEOFF,CAMERON,1985-07-11,USA,190,Stoke City FC,Defender,26,0
319438,GEORGINIO WIJNALDUM,GEORGINIO,WIJNALDUM,1990-11-11,Netherlands,175,PSV Eindhoven,Midfielder,4,0
168832,GEORGIOS KARAGOUNIS,GEORGIOS,KARAGOUNIS,1977-03-06,Greece,176,Fulham FC,Midfielder,134,1
297112,GEORGIOS SAMARAS,GEORGIOS,SAMARAS,1985-02-21,Greece,192,Celtic FC,Forward,73,0
319298,GEORGIOS TZAVELAS,GEORGIOS,TZAVELAS,1987-11-26,Greece,183,PAOK FC,Defender,13,0
358869,GEORGY SHCHENNIKOV,GEORGY,SHCHENNIKOV,1991-04-27,Russia,179,CSKA Moscow,Defender,3,0
216973,GERARD PIQUE,GERARD,PIQUE,1987-02-02,Spain,192,FC Barcelona,Defender,60,0
290186,GERVINHO YAO KOUASSI,GERVINHO,YAO KOUASSI,1987-05-27,Ivory Coast,179,AS Roma,Forward,52,0
329737,GHASEM HADADIFAR,GHASEM,HADADIFAR,1983-07-12,Iran,178,Zob Ahan Isfahan FC,Midfielder,16,0
268821,GIANCARLO GONZALEZ,GIANCARLO,GONZALEZ,1988-02-08,Costa Rica,192,Columbus Crew,Defender,34,0
159304,GIANLUIGI BUFFON,GIANLUIGI,BUFFON,1978-01-28,Italy,190,Juventus FC,Goalkeeper,139,1
215274,GIORGIO CHIELLINI,GIORGIO,CHIELLINI,1984-08-14,Italy,192,Juventus FC,Defender,67,0
234551,GIOVANI DOS SANTOS,GIOVANI,DOS SANTOS,1989-05-11,Mexico,179,Villarreal CF,Forward,73,0
332293,GIOVANNI SIO,GIOVANNI,SIO,1989-03-31,Ivory Coast,180,FC Basel,Forward,7,0
197464,GLEN JOHNSON,GLEN,JOHNSON,1984-08-23,England,180,Liverpool FC,Defender,51,0
356459,GODFREY OBOABONA,GODFREY,OBOABONA,1990-09-16,Nigeria,183,Caykur Rizespor,Defender,34,0
261029,GOKHAN INLER,GOKHAN,INLER,1984-06-27,Switzerland,181,SSC Napoli,Midfielder,73,1
271550,GONZALO HIGUAIN,GONZALO,HIGUAIN,1987-12-10,Argentina,184,SSC Napoli,Forward,36,0
229439,GONZALO JARA,GONZALO,JARA,1985-08-29,Chile,177,Nottingham Forest FC,Defender,65,0
357990,GORDON SCHILDENFELD,GORDON,SCHILDENFELD,1985-03-18,Croatia,191,Panathinaikos FC,Defender,21,0
321736,GOTOKU SAKAI,GOTOKU,SAKAI,1991-03-14,Japan,176,VfB Stuttgart,Defender,12,0
360728,GRAHAM ZUSI,GRAHAM,ZUSI,1986-08-18,USA,177,Sporting Kansas City,Midfielder,22,0
311558,GRANIT XHAKA,GRANIT,XHAKA,1992-09-27,Switzerland,183,Borussia Moenchengladbach,Midfielder,26,0
215285,GUILLERMO OCHOA,GUILLERMO,OCHOA,1985-07-13,Mexico,185,AC Ajaccio,Goalkeeper,56,0
298676,HA DAESUNG,HA,DAESUNG,1985-03-02,South Korea,182,Beijing Guoan,Midfielder,13,0
274329,HAN KOOKYOUNG,HAN,KOOKYOUNG,1990-04-19,South Korea,183,Kashiwa Reysol,Midfielder,9,0
233167,HARIS MEDUNJANIN,HARIS,MEDUNJANIN,1985-03-08,Bosnia & Herzegovina,188,Gaziantepspor,Midfielder,35,0
311554,HARIS SEFEROVIC,HARIS,SEFEROVIC,1992-02-22,Switzerland,187,Real Sociedad,Forward,11,0
294626,HARRISON AFFUL,HARRISON,AFFUL,1986-07-24,Ghana,168,Esperance Sportive de Tunis,Defender,40,0
295157,HASHEM BEIKZADEH,HASHEM,BEIKZADEH,1984-01-22,Iran,180,Esteghlal Tehran FC,Midfielder,17,0
183882,HASSAN YEBDA,HASSAN,YEBDA,1984-05-14,Algeria,188,Udinese Calcio,Midfielder,24,0
329092,HECTOR HERRERA,HECTOR,HERRERA,1990-04-19,Mexico,180,FC Porto,Midfielder,12,0
238112,HECTOR MORENO,HECTOR,MORENO,1988-01-17,Mexico,182,RCD Espanyol,Defender,52,0
313805,HEINER MORA,HEINER,MORA,1984-06-20,Costa Rica,179,Deportivo Saprissa,Defender,21,0
187203,HELDER POSTIGA,HELDER,POSTIGA,1982-08-02,Portugal,182,SS Lazio,Forward,67,0
317072,HENRI BEDIMO,HENRI,BEDIMO,1984-06-04,Cameroon,176,Olympique Lyonnais,Defender,30,0
298613,HENRIQUE ADRIANO BUSS,HENRIQUE,ADRIANO BUSS,1986-10-14,Brazil,186,SSC Napoli,Defender,5,0
239424,HERNANES VIANA LIMA ,HERNANES,VIANA LIMA,1985-05-29,Brazil,180,FC Internazionale,Midfielder,24,0
350003,HIROKI SAKAI,HIROKI,SAKAI,1990-04-12,Japan,185,Hannover 96,Defender,17,0
347716,HIROSHI KIYOTAKE,HIROSHI,KIYOTAKE,1989-11-12,Japan,172,1. FC Nuernberg,Forward,25,0
312679,HONG JEONGHO,HONG,JEONGHO,1989-08-12,South Korea,188,FC Augsburg,Defender,24,0
329745,HOSSEIN MAHINI,HOSSEIN,MAHINI,1986-09-16,Iran,182,Perspolis FC,Defender,21,0
356466,HOTARU YAMAGUCHI,HOTARU,YAMAGUCHI,1990-10-06,Japan,173,Cerezo Osaka,Midfielder,11,0
214410,HUGO ALMEIDA,HUGO,ALMEIDA,1984-05-23,Portugal,193,Besiktas JK,Forward,54,0
356612,HUGO CAMPAGNARO,HUGO,CAMPAGNARO,1980-06-27,Argentina,181,FC Internazionale,Defender,13,0
297105,HUGO LLORIS,HUGO,LLORIS,1986-12-26,France,188,Tottenham Hotspur FC,Goalkeeper,56,1
318172,HULK DE SOUSA,HULK,DE SOUSA,1986-07-25,Brazil,179,FC Zenit St. Petersburg,Forward,34,0
356518,HWANG SEOKHO,HWANG,SEOKHO,1989-06-27,South Korea,182,Sanfrecce Hiroshima,Defender,3,0
228936,IGNAZIO ABATE,IGNAZIO,ABATE,1986-11-12,Italy,180,AC Milan,Defender,19,0
215017,IGOR AKINFEEV,IGOR,AKINFEEV,1986-04-08,Russia,185,CSKA Moscow,Goalkeeper,68,0
216438,IGOR DENISOV,IGOR,DENISOV,1984-05-17,Russia,176,FC Dynamo Moscow,Midfielder,43,0
176644,IKER CASILLAS,IKER,CASILLAS,1981-05-20,Spain,185,Real Madrid CF,Goalkeeper,153,1
358024,IOANNIS FETFATZIDIS,IOANNIS,FETFATZIDIS,1990-12-21,Greece,164,Genoa CFC,Forward,18,0
321731,IOANNIS MANIATIS,IOANNIS,MANIATIS,1986-10-12,Greece,178,Olympiacos Piraeus FC,Midfielder,29,0
371042,ISAAC BRIZUELA,ISAAC,BRIZUELA,1990-08-28,Mexico,173,Deportivo Toluca FC,Midfielder,7,0
354859,ISLAM SLIMANI,ISLAM,SLIMANI,1988-06-18,Algeria,188,Sporting CP,Forward,19,0
376360,ISMAEL DIOMANDE,ISMAEL,DIOMANDE,1992-08-28,Ivory Coast,180,AS Saint-Etienne,Midfielder,1,0
291329,ISMAEL TIOTE,ISMAEL,TIOTE,1986-06-21,Ivory Coast,175,Newcastle United FC,Midfielder,42,0
370062,IVAN FRANJIC,IVAN,FRANJIC,1987-09-10,Australia,180,Brisbane Roar FC,Defender,8,0
369050,IVAN MOCINIC,IVAN,MOCINIC,1993-04-30,Croatia,180,HNK Rijeka,Midfielder,0,0
359381,IVAN PERISIC,IVAN,PERISIC,1989-02-02,Croatia,187,VfL Wolfsburg,Midfielder,28,0
296633,IVAN RAKITIC,IVAN,RAKITIC,1988-03-10,Croatia,184,Sevilla FC,Midfielder,61,0
187258,IVICA OLIC,IVICA,OLIC,1979-09-14,Croatia,183,VfL Wolfsburg,Forward,91,0
356403,IZET HAJROVIC,IZET,HAJROVIC,1991-08-04,Bosnia & Herzegovina,177,Galatasaray SK,Midfielder,8,0
330565,JACK WILSHERE,JACK,WILSHERE,1992-01-01,England,172,Arsenal FC,Midfielder,16,0
313832,JACKSON MARTINEZ,JACKSON,MARTINEZ,1986-10-03,Columbia,186,FC Porto,Forward,27,0
349572,JAIMEN AYOVI,JAIMEN,AYOVI,1988-02-21,Ecuador,186,Club Tijuana,Forward,30,0
278072,JALAL HOSSEINI,JALAL,HOSSEINI,1982-02-03,Iran,185,Perspolis FC,Defender,83,0
295149,JAMES HOLLAND,JAMES,HOLLAND,1989-05-15,Australia,180,FK Austria Wien,Midfielder,13,0
207924,JAMES MILNER,JAMES,MILNER,1986-01-04,England,175,Manchester City FC,Midfielder,46,0
269058,JAMES RODRIGUEZ,JAMES,RODRIGUEZ,1991-07-12,Columbia,180,AS Monaco,Midfielder,21,0
290605,JAMES TROISI,JAMES,TROISI,1988-07-03,Australia,177,Melbourne Victory FC,Midfielder,10,0
290904,JAN VERTONGHEN,JAN,VERTONGHEN,1987-04-24,Belgium,189,Tottenham Hotspur FC,Defender,56,0
367415,JASMIN FEJZIC,JASMIN,FEJZIC,1986-05-15,Bosnia & Herzegovina,198,VfR Aalen,Goalkeeper,0,0
306364,JASON DAVIDSON,JASON,DAVIDSON,1991-06-29,Australia,179,SC Heracles Almelo,Defender,6,0
358738,JASPER CILLESSEN,JASPER,CILLESSEN,1989-04-22,Netherlands,187,AFC Ajax,Goalkeeper,7,0
185641,JAVAD NEKOUNAM,JAVAD,NEKOUNAM,1980-09-07,Iran,188,Kuwait SC,Midfielder,137,1
270714,JAVI MARTINEZ,JAVI,MARTINEZ,1988-09-02,Spain,190,FC Bayern Muenchen,Midfielder,16,0
350124,JAVIER AQUINO,JAVIER,AQUINO,1990-02-11,Mexico,166,Villarreal CF,Midfielder,21,0
228599,JAVIER HERNANDEZ,JAVIER,HERNANDEZ,1988-06-01,Mexico,175,Manchester United FC,Forward,61,0
182372,JAVIER MASCHERANO,JAVIER,MASCHERANO,1984-06-08,Argentina,171,FC Barcelona,Midfielder,96,0
209502,JEAN BEAUSEJOUR,JEAN,BEAUSEJOUR,1984-06-01,Chile,178,Wigan Athletic FC,Midfielder,60,0
367557,JEAN DANIEL AKPA,JEAN,DANIEL AKPA,1992-10-11,Ivory Coast,180,Toulouse FC,Defender,1,0
199600,JEAN MAKOUN,JEAN,MAKOUN,1983-05-29,Cameroon,170,Stade Rennais FC,Midfielder,67,0
184320,JEFFERSON GALVAO,JEFFERSON,GALVAO,1983-01-02,Brazil,190,Botafogo FR,Goalkeeper,9,0
290452,JEFFERSON MONTERO,JEFFERSON,MONTERO,1989-09-01,Ecuador,170,CA Monarcas Morelia,Midfielder,39,0
298681,JEREMAIN LENS,JEREMAIN,LENS,1987-11-24,Netherlands,178,FC Dynamo Kyiv,Forward,21,0
183893,JERMAINE JONES,JERMAINE,JONES,1981-11-03,USA,184,Besiktas JK,Midfielder,43,0
299442,JEROME BOATENG,JEROME,BOATENG,1988-09-03,Germany,192,FC Bayern Muenchen,Defender,38,0
323623,JERRY BENGTSON,JERRY,BENGTSON,1987-04-08,Honduras,187,New England Revolution,Forward,43,0
213953,JERRY PALACIOS,JERRY,PALACIOS,1982-05-13,Honduras,181,LD Alajuelense,Midfielder,23,0
330689,JI DONGWON,JI,DONGWON,1991-05-28,South Korea,186,FC Augsburg,Midfielder,27,0
217172,JO SILVA,JO,SILVA,1987-03-20,Brazil,191,Atletico Mineiro,Forward,16,0
200199,JOAO MOUTINHO,JOAO,MOUTINHO,1986-09-08,Portugal,170,AS Monaco,Midfielder,66,0
214407,JOAO PEREIRA,JOAO,PEREIRA,1984-02-25,Portugal,172,Valencia CF,Defender,35,0
305972,JOAO ROJAS,JOAO,ROJAS,1989-06-14,Ecuador,173,Cruz Azul FC,Forward,29,0
299956,JOE HART,JOE,HART,1987-04-19,England,191,Manchester City FC,Goalkeeper,40,0
307529,JOEL CAMPBELL,JOEL,CAMPBELL,1992-06-26,Costa Rica,178,Olympiacos Piraeus FC,Forward,32,0
320375,JOEL MATIP,JOEL,MATIP,1991-08-08,Cameroon,194,FC Schalke 04,Midfielder,22,0
313051,JOEL VELTMAN,JOEL,VELTMAN,1992-01-15,Netherlands,183,AFC Ajax,Defender,2,0
216645,JOHAN DJOUROU,JOHAN,DJOUROU,1987-01-18,Switzerland,192,Hamburger SV,Defender,44,0
298582,JOHN BOYE,JOHN,BOYE,1987-04-23,Ghana,160,Stade Rennais FC,Defender,29,0
373555,JOHN BROOKS,JOHN,BROOKS,1993-01-28,USA,193,Hertha BSC,Defender,4,0
234463,JOHN OBI MIKEL,JOHN,OBI MIKEL,1987-04-22,Nigeria,188,Chelsea FC,Midfielder,58,0
339447,JOHNNY ACOSTA,JOHNNY,ACOSTA,1983-07-21,Costa Rica,175,LD Alajuelense,Defender,26,0
178630,JOHNNY HERRERA,JOHNNY,HERRERA,1981-05-09,Chile,183,Club Universidad de Chile,Goalkeeper,7,0
298677,JONATHAN DE GUZMAN,JONATHAN,DE GUZMAN,1987-09-13,Netherlands,174,Swansea City AFC,Midfielder,10,0
306634,JONATHAN MENSAH,JONATHAN,MENSAH,1990-07-13,Ghana,182,Evian TG FC,Defender,25,0
353235,JORDAN AYEW,JORDAN,AYEW,1991-09-11,Ghana,160,FC Sochaux-Montbliard,Forward,12,0
356189,JORDAN HENDERSON,JORDAN,HENDERSON,1990-06-17,England,187,Liverpool FC,Midfielder,9,0
306954,JORDI ALBA,JORDI,ALBA,1989-03-21,Spain,170,FC Barcelona,Defender,25,0
358732,JORDY CLASIE,JORDY,CLASIE,1991-06-27,Netherlands,169,Feyenoord Rotterdam,Midfielder,8,0
230114,JORGE CLAROS,JORGE,CLAROS,1986-01-08,Honduras,176,CD Motagua,Midfielder,49,0
276132,JORGE FUCILE,JORGE,FUCILE,1984-11-19,Uruguay,177,FC Porto,Defender,41,0
181930,JORGE GUAGUA,JORGE,GUAGUA,1981-09-28,Ecuador,179,CS Emelec,Defender,58,0
202655,JORGE VALDIVIA,JORGE,VALDIVIA,1983-10-19,Chile,173,Palmeiras,Midfielder,56,0
358022,JOSE CHOLEVAS,JOSE,CHOLEVAS,1984-06-27,Greece,184,Olympiacos Piraeus FC,Defender,21,0
195231,JOSE CORONA,JOSE,CORONA,1981-01-26,Mexico,178,Cruz Azul FC,Goalkeeper,32,0
268822,JOSE CUBERO,JOSE,CUBERO,1987-02-14,Costa Rica,178,CS Herediano,Midfielder,35,0
229440,JOSE FUENZALIDA,JOSE,FUENZALIDA,1985-02-22,Chile,170,CSD Colo-Colo,Midfielder,23,0
368655,JOSE GIMENEZ,JOSE,GIMENEZ,1995-01-20,Uruguay,184,Atletico Madrid,Defender,5,0
349832,JOSE MARIA BASANTA,JOSE,MARIA BASANTA,1984-04-03,Argentina,188,CF Monterrey,Defender,8,0
245156,JOSE ROJAS,JOSE,ROJAS,1983-06-23,Chile,174,Club Universidad de Chile,Defender,18,0
379264,JOSE VAZQUEZ,JOSE,VAZQUEZ,1988-03-14,Mexico,164,Club Leon,Midfielder,4,0
178403,JOSEPH YOBO,JOSEPH,YOBO,1980-09-06,Nigeria,185,Norwich City FC,Defender,96,0
356399,JOSIP DRMIC,JOSIP,DRMIC,1992-08-08,Switzerland,182,1. FC Nuernberg,Forward,7,0
238072,JOZY ALTIDORE,JOZY,ALTIDORE,1989-11-06,USA,185,Sunderland AFC,Forward,68,0
296303,JUAN CARLOS GARCIA,JUAN,CARLOS GARCIA,1988-03-08,Honduras,175,Wigan Athletic FC,Defender,35,0
309714,JUAN CUADRADO,JUAN,CUADRADO,1988-05-26,Columbia,178,ACF Fiorentina,Midfielder,27,0
267811,JUAN MATA,JUAN,MATA,1988-04-28,Spain,171,Manchester United FC,Forward,33,0
365464,JUAN MONTES,JUAN,MONTES,1985-12-26,Honduras,196,CD Motagua,Defender,11,0
349576,JUAN PAREDES,JUAN,PAREDES,1987-07-08,Ecuador,179,Barcelona SC,Defender,37,0
356704,JUAN QUINTERO,JUAN,QUINTERO,1993-01-18,Columbia,168,FC Porto,Midfielder,4,0
229443,JUAN ZUNIGA,JUAN,ZUNIGA,1985-12-14,Columbia,171,SSC Napoli,Defender,49,0
207906,JUANFRAN BELEN,JUANFRAN,BELEN,1985-01-09,Spain,180,Atletico Madrid,Defender,7,0
358692,JULIAN DRAXLER,JULIAN,DRAXLER,1993-09-20,Germany,185,FC Schalke 04,Midfielder,11,0
369094,JULIAN GREEN,JULIAN,GREEN,1995-06-06,USA,172,FC Bayern Muenchen,Midfielder,2,0
179038,JULIO CESAR,JULIO,CESAR,1979-09-03,Brazil,179,Toronto FC,Goalkeeper,79,0
198546,JUNG SUNGRYONG,JUNG,SUNGRYONG,1985-01-04,South Korea,190,Suwon Bluewings FC,Goalkeeper,60,0
209940,JUNIOR DIAZ,JUNIOR,DIAZ,1983-09-12,Costa Rica,185,FSV Mainz 05,Defender,61,0
356712,JUWON OSHANIWA,JUWON,OSHANIWA,1990-09-14,Nigeria,184,FC Ashdod,Defender,9,0
330659,KARIM ANSARI FARD,KARIM,ANSARI FARD,1990-04-03,Iran,185,Tractor Sazi Tabriz FC,Forward,40,0
297103,KARIM BENZEMA,KARIM,BENZEMA,1987-12-19,France,185,Real Madrid CF,Forward,65,0
233500,KEISUKE HONDA,KEISUKE,HONDA,1986-06-13,Japan,182,AC Milan,Forward,55,0
315424,KENNETH OMERUO,KENNETH,OMERUO,1993-10-17,Nigeria,185,Middlesbrough FC,Defender,17,0
358120,KEVIN DE BRUYNE,KEVIN,DE BRUYNE,1991-06-28,Belgium,181,VfL Wolfsburg,Midfielder,22,0
358694,KEVIN GROSSKREUTZ,KEVIN,GROSSKREUTZ,1988-07-19,Germany,186,Borussia Dortmund,Defender,4,0
290903,KEVIN MIRALLAS,KEVIN,MIRALLAS,1987-10-05,Belgium,179,Everton FC,Forward,44,0
196897,KEVIN PRINCE BOATENG,KEVIN,PRINCE BOATENG,1987-03-06,Ghana,182,FC Schalke 04,Forward,12,0
199175,KEYLOR NAVAS,KEYLOR,NAVAS,1986-12-15,Costa Rica,184,Levante UD,Goalkeeper,52,0
306206,KHOSRO HEYDARI,KHOSRO,HEYDARI,1983-09-14,Iran,175,Esteghlal Tehran FC,Forward,47,0
268406,KI SUNGYUENG,KI,SUNGYUENG,1989-01-24,South Korea,186,Sunderland AFC,Midfielder,58,0
291389,KIM BOKYUNG,KIM,BOKYUNG,1989-10-06,South Korea,178,Cardiff City FC,Midfielder,27,0
278126,KIM CHANGSOO,KIM,CHANGSOO,1985-09-12,South Korea,179,Kashiwa Reysol,Defender,8,0
274281,KIM SEUNGGYU,KIM,SEUNGGYU,1990-09-30,South Korea,187,Ulsan Hyundai FC,Goalkeeper,5,0
321745,KIM SHINWOOK,KIM,SHINWOOK,1988-04-14,South Korea,196,Ulsan Hyundai FC,Forward,27,0
375754,KIM YOUNGGWON,KIM,YOUNGGWON,1990-02-27,South Korea,187,Guangzhou Evergrande FC,Defender,20,0
184615,KLAAS JAN HUNTELAAR,KLAAS,JAN HUNTELAAR,1983-08-12,Netherlands,187,FC Schalke 04,Forward,61,0
313410,KOKE MERODIO,KOKE,MERODIO,1992-01-08,Spain,178,Atletico Madrid,Midfielder,7,0
178963,KOLO TOURE,KOLO,TOURE,1981-03-19,Ivory Coast,183,Liverpool FC,Defender,106,0
297839,KONAN YA,KONAN,YA,1984-05-22,Ivory Coast,174,Hannover 96,Midfielder,24,0
214887,KONSTANTINOS KATSOURANIS,KONSTANTINOS,KATSOURANIS,1979-06-21,Greece,183,PAOK FC,Midfielder,110,0
323556,KONSTANTINOS MANOLAS,KONSTANTINOS,MANOLAS,1991-06-14,Greece,186,Olympiacos Piraeus FC,Defender,8,0
318768,KONSTANTINOS MITROGLOU,KONSTANTINOS,MITROGLOU,1988-03-12,Greece,188,Fulham FC,Forward,31,0
291393,KOO JACHEOL,KOO,JACHEOL,1989-02-27,South Korea,182,FSV Mainz 05,Forward,36,1
294619,KWADWO ASAMOAH,KWADWO,ASAMOAH,1988-12-09,Ghana,168,Juventus FC,Midfielder,61,0
212410,KWAK TAEHWI,KWAK,TAEHWI,1981-07-08,South Korea,185,Al Hilal FC,Defender,34,0
175512,KYLE BECKERMAN,KYLE,BECKERMAN,1982-04-23,USA,181,Real Salt Lake,Midfielder,36,0
200262,LANDRY NGUEMO,LANDRY,NGUEMO,1985-11-28,Cameroon,172,FC Girondins Bordeaux,Midfielder,39,0
290822,LAURENT CIMAN,LAURENT,CIMAN,1985-08-05,Belgium,180,Standard Liege,Defender,8,0
358012,LAURENT KOSCIELNY,LAURENT,KOSCIELNY,1985-09-10,France,185,Arsenal FC,Defender,17,0
299086,LAZAROS CHRISTODOULOPOULOS,LAZAROS,CHRISTODOULOPOULOS,1986-12-19,Greece,182,Bologna FC,Midfielder,18,0
306818,LEE BUMYOUNG,LEE,BUMYOUNG,1989-04-02,South Korea,199,Busan IPark FC,Goalkeeper,0,0
268414,LEE CHUNGYONG,LEE,CHUNGYONG,1988-07-02,South Korea,180,Bolton Wanderers FC,Midfielder,54,0
268149,LEE KEUNHO,LEE,KEUNHO,1985-04-11,South Korea,177,Sangju Sangmu FC,Forward,63,0
363578,LEE YONG,LEE,YONG,1986-12-24,South Korea,180,Ulsan Hyundai FC,Defender,11,0
305768,LEIGHTON BAINES,LEIGHTON,BAINES,1984-12-11,England,172,Everton FC,Defender,23,0
321641,LEONARDO BONUCCI,LEONARDO,BONUCCI,1987-05-01,Italy,190,Juventus FC,Defender,36,0
319436,LEROY FER,LEROY,FER,1990-01-05,Netherlands,188,Norwich City FC,Midfielder,5,0
354883,LIASSINE CADAMURO,LIASSINE,CADAMURO,1988-03-05,Algeria,187,RCD Mallorca,Defender,6,0
229397,LIONEL MESSI,LIONEL,MESSI,1987-06-24,Argentina,169,FC Barcelona,Forward,84,1
355859,LOIC FEUDJOU,LOIC,FEUDJOU,1992-04-14,Cameroon,178,Coton Sport FC,Goalkeeper,1,0
299878,LOIC REMY,LOIC,REMY,1987-01-02,France,185,Newcastle United FC,Forward,24,0
359235,LORENZO INSIGNE,LORENZO,INSIGNE,1991-06-04,Italy,163,SSC Napoli,Forward,4,0
215484,LOUKAS VYNTRA,LOUKAS,VYNTRA,1981-02-05,Greece,184,Levante UD,Defender,49,0
200133,LUCAS BIGLIA,LUCAS,BIGLIA,1986-01-30,Argentina,175,SS Lazio,Midfielder,17,0
368860,LUCAS DIGNE,LUCAS,DIGNE,1993-07-20,France,179,Paris Saint-Germain FC,Defender,2,0
270400,LUIS GARRIDO,LUIS,GARRIDO,1990-11-05,Honduras,170,CD Olimpia,Midfielder,19,0
380009,LUIS LOPEZ,LUIS,LOPEZ,1993-09-13,Honduras,182,Real Espana,Goalkeeper,0,0
359428,LUIS NETO,LUIS,NETO,1988-05-26,Portugal,186,FC Zenit St. Petersburg,Defender,7,0
202280,LUIS SARITAMA,LUIS,SARITAMA,1983-10-20,Ecuador,175,Barcelona SC,Midfielder,48,0
270775,LUIS SUAREZ,LUIS,SUAREZ,1987-01-24,Uruguay,181,Liverpool FC,Forward,77,0
367918,LUIZ GUSTAVO,LUIZ,GUSTAVO,1987-07-23,Brazil,188,VfL Wolfsburg,Midfielder,18,0
241559,LUKA MODRIC,LUKA,MODRIC,1985-09-09,Croatia,173,Real Madrid CF,Midfielder,74,0
196789,LUKAS PODOLSKI,LUKAS,PODOLSKI,1985-06-04,Germany,180,Arsenal FC,Forward,113,0
336450,LUKE SHAW,LUKE,SHAW,1995-07-12,England,184,Southampton FC,Defender,1,0
215208,MADJID BOUGUERRA,MADJID,BOUGUERRA,1982-10-07,Algeria,189,Lekhwiya SC,Defender,61,1
181406,MAICON SISENANDO,MAICON,SISENANDO,1981-07-26,Brazil,186,AS Roma,Defender,71,0
367393,MAJEED WARIS,MAJEED,WARIS,1991-09-19,Ghana,172,Valenciennes FC,Forward,12,0
289027,MAKOTO HASEBE,MAKOTO,HASEBE,1984-01-18,Japan,180,1. FC Nuernberg,Midfielder,78,1
358885,MAKSIM KANUNNIKOV,MAKSIM,KANUNNIKOV,1991-07-14,Russia,184,FK Amkar Perm,Forward,2,0
274135,MAMADOU SAKHO,MAMADOU,SAKHO,1990-02-13,France,186,Liverpool FC,Defender,18,0
275112,MANABU SAITO,MANABU,SAITO,1990-04-04,Japan,169,Yokohama F-Marinos,Forward,4,0
228912,MANUEL NEUER,MANUEL,NEUER,1986-03-27,Germany,193,FC Bayern Muenchen,Goalkeeper,45,0
218284,MARCELO VIEIRA,MARCELO,VIEIRA,1988-05-12,Brazil,174,Real Madrid CF,Defender,30,0
380000,MARCELO BROZOVIC,MARCELO,BROZOVIC,1992-11-16,Croatia,180,GNK Dinamo Zagreb,Midfielder,0,0
233530,MARCELO DIAZ,MARCELO,DIAZ,1986-12-30,Chile,168,FC Basel,Midfielder,20,0
319311,MARCO FABIAN,MARCO,FABIAN,1989-07-21,Mexico,171,Cruz Azul FC,Midfielder,14,0
378836,MARCO PAROLO,MARCO,PAROLO,1985-01-25,Italy,186,Parma FC,Midfielder,3,0
352394,MARCO REUS,MARCO,REUS,1989-05-31,Germany,180,Borussia Dortmund,Forward,20,0
359217,MARCO VERRATTI,MARCO,VERRATTI,1992-11-05,Italy,168,Paris Saint-Germain FC,Midfielder,5,0
318688,MARCOS ROJO,MARCOS,ROJO,1990-03-20,Argentina,189,Sporting CP,Defender,20,0
270144,MARCOS URENA,MARCOS,URENA,1990-03-05,Costa Rica,179,Kuban Krasnodar,Forward,23,0
306144,MARIANO ANDUJAR,MARIANO,ANDUJAR,1983-07-30,Argentina,194,Calcio Catania,Goalkeeper,10,0
301059,MARIO BALOTELLI,MARIO,BALOTELLI,1990-08-12,Italy,189,AC Milan,Forward,29,0
319470,MARIO GAVRANOVIC,MARIO,GAVRANOVIC,1989-11-24,Switzerland,175,FC Zuerich,Forward,11,0
309316,MARIO GOETZE,MARIO,GOETZE,1992-06-03,Germany,176,FC Bayern Muenchen,Forward,28,0
375518,MARIO MANDZUKIC,MARIO,MANDZUKIC,1986-05-21,Croatia,188,FC Bayern Muenchen,Forward,49,0
296297,MARIO MARTINEZ,MARIO,MARTINEZ,1989-07-30,Honduras,173,Real Espana,Midfielder,36,0
3408,MARIO YEPES,MARIO,YEPES,1976-01-13,Columbia,186,Atalanta Bergamo,Defender,97,1
178299,MARK BRESCIANO,MARK,BRESCIANO,1980-02-11,Australia,182,Al Gharafa SC,Midfielder,73,0
197411,MARK MILLIGAN,MARK,MILLIGAN,1985-08-04,Australia,178,Melbourne Victory FC,Midfielder,28,0
290902,MAROUANE FELLAINI,MAROUANE,FELLAINI,1987-11-22,Belgium,194,Manchester United FC,Midfielder,50,0
267829,MARTIN CACERES,MARTIN,CACERES,1987-04-07,Uruguay,178,Juventus FC,Defender,56,0
233703,MARTIN DEMICHELIS,MARTIN,DEMICHELIS,1980-12-20,Argentina,184,Manchester City FC,Defender,37,0
175629,MARTIN SILVA,MARTIN,SILVA,1983-03-25,Uruguay,187,CR Vasco da Gama,Goalkeeper,4,0
227839,MARVIN CHAVEZ,MARVIN,CHAVEZ,1983-11-03,Honduras,156,CD Chivas USA,Midfielder,41,0
233497,MASAHIKO INOHA,MASAHIKO,INOHA,1985-08-28,Japan,179,Jubilo Iwata,Defender,21,0
268594,MASATO MORISHIGE,MASATO,MORISHIGE,1987-05-21,Japan,183,FC Tokyo,Defender,9,0
213170,MASOUD SHOJAEI,MASOUD,SHOJAEI,1984-06-09,Iran,185,UD Las Palmas,Forward,49,0
339116,MASSIMO LUONGO,MASSIMO,LUONGO,1992-09-25,Australia,176,Swindon Town FC,Midfielder,1,0
339987,MATEO KOVACIC,MATEO,KOVACIC,1994-05-06,Croatia,181,FC Internazionale,Midfielder,9,0
321697,MATHEW LECKIE,MATHEW,LECKIE,1991-02-04,Australia,181,FSV Frankfurt,Forward,7,0
358011,MATHIEU DEBUCHY,MATHIEU,DEBUCHY,1985-07-28,France,178,Newcastle United FC,Defender,20,0
297106,MATHIEU VALBUENA,MATHIEU,VALBUENA,1984-09-28,France,167,Olympique Marseille,Midfielder,33,0
370523,MATHIS BOLLY,MATHIS,BOLLY,1990-11-14,Ivory Coast,185,Fortuna Duesseldorf,Midfielder,3,0
311150,MATS HUMMELS,MATS,HUMMELS,1988-12-16,Germany,192,Borussia Dortmund,Defender,29,0
367433,MATT BESLER,MATT,BESLER,1987-02-11,USA,182,Sporting Kansas City,Defender,16,0
197409,MATT MCKAY,MATT,MCKAY,1983-01-11,Australia,174,Brisbane Roar FC,Midfielder,46,0
288824,MATTEO DARMIAN,MATTEO,DARMIAN,1989-12-02,Italy,182,Torino FC,Defender,1,0
229051,MATTHEW SPIRANOVIC,MATTHEW,SPIRANOVIC,1988-06-27,Australia,188,Western Sydney Wanderers FC,Defender,17,0
379736,MATTHIAS GINTER,MATTHIAS,GINTER,1994-01-19,Germany,187,SC Freiburg,Defender,2,0
359223,MATTIA DE SCIGLIO,MATTIA,DE SCIGLIO,1992-10-20,Italy,179,AC Milan,Defender,10,0
309420,MATTIA PERIN,MATTIA,PERIN,1992-11-10,Italy,188,Genoa CFC,Goalkeeper,0,0
339117,MATY RYAN,MATY,RYAN,1992-04-08,Australia,181,Club Brugge KV,Goalkeeper,6,0
228617,MAURICIO ISLA,MAURICIO,ISLA,1988-06-12,Chile,177,Juventus FC,Defender,46,0
201787,MAURICIO PINILLA,MAURICIO,PINILLA,1984-02-04,Chile,185,Cagliari Calcio,Forward,25,0
353119,MAX GRADEL,MAX,GRADEL,1987-11-30,Ivory Coast,177,AS Saint-Etienne,Midfielder,25,0
184291,MAXI RODRIGUEZ,MAXI,RODRIGUEZ,1981-01-02,Argentina,180,CA Newells Old Boys,Midfielder,53,0
286481,MAXIMILIANO PEREIRA,MAXIMILIANO,PEREIRA,1984-06-08,Uruguay,173,SL Benfica,Defender,89,0
302630,MAXIMO BANGUERA,MAXIMO,BANGUERA,1985-12-16,Ecuador,187,Barcelona SC,Goalkeeper,24,0
207809,MAXWELL ANDRADE,MAXWELL,ANDRADE,1981-08-27,Brazil,177,Paris Saint-Germain FC,Defender,8,0
271253,MAYA YOSHIDA,MAYA,YOSHIDA,1988-08-24,Japan,189,Southampton FC,Defender,40,0
213879,MAYNOR FIGUEROA,MAYNOR,FIGUEROA,1983-05-02,Honduras,184,Hull City FC,Defender,100,0
321682,MEDHI LACEN,MEDHI,LACEN,1984-03-15,Algeria,175,Getafe CF,Midfielder,29,0
354873,MEHDI MOSTEFA,MEHDI,MOSTEFA,1983-08-30,Algeria,182,AC Ajaccio,Midfielder,22,0
267344,MEHRDAD POOLADI,MEHRDAD,POOLADI,1987-02-26,Iran,180,Perspolis FC,Defender,19,0
336098,MEMPHIS DEPAY,MEMPHIS,DEPAY,1994-02-13,Netherlands,178,PSV Eindhoven,Forward,6,0
299904,MENSUR MUJDZA,MENSUR,MUJDZA,1984-03-28,Bosnia & Herzegovina,184,SC Freiburg,Midfielder,24,0
305036,MESUT OEZIL,MESUT,OEZIL,1988-10-15,Germany,180,Arsenal FC,Midfielder,54,0
349574,MICHAEL ARROYO,MICHAEL,ARROYO,1987-04-23,Ecuador,178,Atlante FC,Midfielder,19,0
312014,MICHAEL BABATUNDE,MICHAEL,BABATUNDE,1992-12-24,Nigeria,165,FC Volyn Lutsk,Forward,4,0
271182,MICHAEL BARRANTES,MICHAEL,BARRANTES,1983-10-04,Costa Rica,177,Aalesunds FK,Midfielder,50,0
233531,MICHAEL BRADLEY,MICHAEL,BRADLEY,1987-07-31,USA,185,Toronto FC,Midfielder,84,0
175524,MICHAEL ESSIEN,MICHAEL,ESSIEN,1982-12-03,Ghana,180,AC Milan,Midfielder,57,0
356407,MICHAEL LANG,MICHAEL,LANG,1991-02-08,Switzerland,185,Grasshopper Club,Defender,6,0
208120,MICHAEL UMANA,MICHAEL,UMANA,1982-07-16,Costa Rica,180,Deportivo Saprissa,Defender,81,0
254089,MICHEL VORM,MICHEL,VORM,1983-10-20,Netherlands,183,Swansea City AFC,Goalkeeper,14,0
182021,MICKAEL LANDREAU,MICKAEL,LANDREAU,1979-05-14,France,184,SC Bastia,Goalkeeper,11,0
371044,MIGUEL LAYUN,MIGUEL,LAYUN,1988-06-25,Mexico,178,Club America,Defender,12,0
350129,MIGUEL PONCE,MIGUEL,PONCE,1989-04-12,Mexico,175,Deportivo Toluca FC,Defender,7,0
200201,MIGUEL VELOSO,MIGUEL,VELOSO,1986-05-11,Portugal,181,FC Dynamo Kyiv,Midfielder,47,0
379894,MIIKO ALBORNOZ,MIIKO,ALBORNOZ,1990-11-30,Chile,180,Malmo FF,Defender,2,0
197514,MILE JEDINAK,MILE,JEDINAK,1984-08-03,Australia,188,Crystal Palace FC,Midfielder,43,1
299198,MIRALEM PJANIC,MIRALEM,PJANIC,1990-04-02,Bosnia & Herzegovina,180,AS Roma,Midfielder,48,0
182206,MIROSLAV KLOSE,MIROSLAV,KLOSE,1978-06-09,Germany,182,SS Lazio,Forward,131,0
356933,MITCH LANGERAK,MITCH,LANGERAK,1988-08-22,Australia,191,Borussia Dortmund,Goalkeeper,3,0
312672,MIX DISKERUD,MIX,DISKERUD,1990-10-02,USA,182,Rosenborg BK,Midfielder,19,0
305708,MOHAMED ZEMMAMOUCHE,MOHAMED,ZEMMAMOUCHE,1985-03-19,Algeria,187,USM Alger,Goalkeeper,7,0
311850,MOHAMMED RABIU,MOHAMMED,RABIU,1989-12-31,Ghana,189,Kuban Krasnodar,Midfielder,16,0
290825,MOUSSA DEMBELE,MOUSSA,DEMBELE,1987-07-16,Belgium,185,Tottenham Hotspur FC,Midfielder,56,0
317056,MOUSSA SISSOKO,MOUSSA,SISSOKO,1989-08-16,France,187,Newcastle United FC,Midfielder,16,0
235097,MUBARAK WAKASO,MUBARAK,WAKASO,1990-07-25,Ghana,171,FC Rubin Kazan,Midfielder,16,0
358101,MUHAMED BESIC,MUHAMED,BESIC,1992-09-10,Bosnia & Herzegovina,177,Ferencvarosi TC,Midfielder,9,0
379939,NABIL BENTALEB,NABIL,BENTALEB,1994-11-24,Algeria,189,Tottenham Hotspur FC,Midfielder,2,0
367261,NABIL GHILAS,NABIL,GHILAS,1990-04-20,Algeria,183,FC Porto,Forward,5,0
358108,NACER CHADLI,NACER,CHADLI,1989-08-02,Belgium,187,Tottenham Hotspur FC,Midfielder,20,0
254167,NANI DA CUNHA,NANI,DA CUNHA,1986-11-17,Portugal,175,Manchester United FC,Forward,73,0
314197,NEYMAR SANTOS JR.,NEYMAR,SANTOS JR.,1992-02-05,Brazil,175,FC Barcelona,Forward,48,0
184982,NICK RIMANDO,NICK,RIMANDO,1979-06-17,USA,182,Real Salt Lake,Goalkeeper,14,0
305378,NICOLAS LODEIRO,NICOLAS,LODEIRO,1989-03-21,Uruguay,173,Botafogo FR,Midfielder,26,0
216874,NICOLAS LOMBAERTS,NICOLAS,LOMBAERTS,1985-03-20,Belgium,188,FC Zenit St. Petersburg,Defender,26,0
290931,NICOLAS NKOULOU,NICOLAS,NKOULOU,1990-03-27,Cameroon,185,Olympique Marseille,Defender,47,0
216964,NIGEL DE JONG,NIGEL,DE JONG,1984-11-30,Netherlands,174,AC Milan,Midfielder,70,0
316117,NIKICA JELAVIC,NIKICA,JELAVIC,1985-08-27,Croatia,187,Hull City FC,Forward,32,0
178185,NOEL VALLADARES,NOEL,VALLADARES,1977-05-03,Honduras,178,CD Olimpia,Goalkeeper,120,1
315429,OGENYI ONAZI,OGENYI,ONAZI,1992-12-25,Nigeria,168,SS Lazio,Midfielder,20,0
359995,OGNJEN VRANJES,OGNJEN,VRANJES,1989-10-24,Bosnia & Herzegovina,186,Elazigspor,Defender,13,0
297377,OGNJEN VUKOJEVIC,OGNJEN,VUKOJEVIC,1983-12-20,Croatia,184,FC Dynamo Kyiv,Midfielder,55,0
306900,OKECHUKWU UCHEBO,OKECHUKWU,UCHEBO,1990-02-03,Nigeria,194,Cercle Brugge,Forward,3,0
358891,OLEG SHATOV,OLEG,SHATOV,1990-07-29,Russia,176,FC Zenit St. Petersburg,Midfielder,6,0
312234,OLIVER BOZANIC,OLIVER,BOZANIC,1989-01-08,Australia,167,FC Luzern,Midfielder,3,0
369026,OLIVER ZELENIKA,OLIVER,ZELENIKA,1993-05-14,Croatia,192,NK Lokomotiva Zagreb,Goalkeeper,0,0
358015,OLIVIER GIROUD,OLIVIER,GIROUD,1986-09-30,France,192,Arsenal FC,Forward,29,0
234405,OMAR GONZALEZ,OMAR,GONZALEZ,1988-10-11,USA,195,Los Angeles Galaxy,Defender,19,0
228328,ORESTIS KARNEZIS,ORESTIS,KARNEZIS,1985-07-11,Greece,189,Granada CF,Goalkeeper,18,0
227851,ORIBE PERALTA,ORIBE,PERALTA,1984-01-12,Mexico,177,Club Santos Laguna,Forward,27,0
312868,OSCAR DOS SANTOS JR.,OSCAR,DOS SANTOS JR.,1991-09-09,Brazil,181,Chelsea FC,Midfielder,30,0
275793,OSCAR BAGUI,OSCAR,BAGUI,1982-12-10,Ecuador,170,CS Emelec,Defender,21,0
312987,OSCAR DUARTE,OSCAR,DUARTE,1989-06-03,Costa Rica,184,Club Brugge KV,Defender,10,0
301165,OSCAR GRANADOS,OSCAR,GRANADOS,1985-10-25,Costa Rica,183,CS Herediano,Midfielder,11,0
297230,OSMAN CHAVEZ,OSMAN,CHAVEZ,1984-07-29,Honduras,187,Qingdao Jonoon FC,Defender,54,0
291332,OUSMANE DIARRASSOUBA,OUSMANE,DIARRASSOUBA,1986-12-21,Ivory Coast,186,Caykur Rizespor,Defender,1,0
200213,PABLO ARMERO,PABLO,ARMERO,1986-11-02,Columbia,174,West Ham United FC,Defender,52,0
182379,PABLO ZABALETA,PABLO,ZABALETA,1985-01-16,Argentina,174,Manchester City FC,Defender,36,0
360111,PANAGIOTIS GLYKOS,PANAGIOTIS,GLYKOS,1986-10-10,Greece,190,PAOK FC,Goalkeeper,2,0
360109,PANAGIOTIS KONE,PANAGIOTIS,KONE,1987-07-26,Greece,184,Bologna FC,Midfielder,15,0
319413,PANAGIOTIS TACHTSIDIS,PANAGIOTIS,TACHTSIDIS,1991-02-15,Greece,194,Torino FC,Midfielder,5,0
207761,PARK CHUYOUNG,PARK,CHUYOUNG,1985-07-10,South Korea,183,Watford FC,Forward,62,0
291398,PARK JONGWOO,PARK,JONGWOO,1989-03-10,South Korea,180,Guangzhou R&F FC,Midfielder,10,0
268411,PARK JOOHO,PARK,JOOHO,1987-01-16,South Korea,174,FSV Mainz 05,Defender,13,0
212246,PATRICE EVRA,PATRICE,EVRA,1981-05-15,France,171,Manchester United FC,Defender,57,0
214874,PATRICK PEMBERTON,PATRICK,PEMBERTON,1982-04-24,Costa Rica,178,LD Alajuelense,Goalkeeper,20,0
289195,PAUL AGUILAR,PAUL,AGUILAR,1986-03-06,Mexico,178,Club America,Defender,27,0
367388,PAUL POGBA,PAUL,POGBA,1993-03-15,France,192,Juventus FC,Midfielder,10,0
254091,PAUL VERHAEGH,PAUL,VERHAEGH,1983-09-01,Netherlands,178,FC Augsburg,Defender,2,0
362727,PAULINHO MACIEL JR.,PAULINHO,MACIEL JR.,1988-07-25,Brazil,181,Tottenham Hotspur FC,Midfielder,25,0
318601,PEDRO RODRIGUEZ,PEDRO,RODRIGUEZ,1987-07-28,Spain,169,FC Barcelona,Forward,39,0
251481,PEJMAN MONTAZERI,PEJMAN,MONTAZERI,1983-09-06,Iran,186,Umm Salal SC,Defender,20,0
275931,PEPE FERREIRA,PEPE,FERREIRA,1983-02-26,Portugal,186,Real Madrid CF,Defender,57,0
175413,PEPE REINA,PEPE,REINA,1982-08-31,Spain,187,SSC Napoli,Goalkeeper,32,0
207888,PER MERTESACKER,PER,MERTESACKER,1984-09-29,Germany,198,Arsenal FC,Defender,97,0
214228,PETER ODEMWINGIE,PETER,ODEMWINGIE,1981-07-15,Nigeria,181,Stoke City FC,Forward,60,0
299960,PHIL JAGIELKA,PHIL,JAGIELKA,1982-08-17,England,183,Everton FC,Defender,25,0
358009,PHIL JONES,PHIL,JONES,1992-02-21,England,185,Manchester United FC,Defender,9,0
196748,PHILIPP LAHM,PHILIPP,LAHM,1983-11-11,Germany,170,FC Bayern Muenchen,Midfielder,105,1
209989,PHILIPPE SENDEROS,PHILIPPE,SENDEROS,1985-02-14,Switzerland,190,Valencia CF,Defender,53,0
214135,PIERRE WEBO,PIERRE,WEBO,1982-01-20,Cameroon,180,Fenerbahce SK,Forward,54,0
368708,RAFA SILVA,RAFA,SILVA,1993-05-17,Portugal,173,Sporting Braga,Forward,2,0
178119,RAFAEL MARQUEZ,RAFAEL,MARQUEZ,1979-02-13,Mexico,184,Club Leon,Defender,119,1
296827,RAFIK HALLICHE,RAFIK,HALLICHE,1986-09-02,Algeria,187,Academica Coimbra,Defender,28,0
336043,RAHEEM STERLING,RAHEEM,STERLING,1994-12-08,England,170,Liverpool FC,Midfielder,3,0
298516,RAHMAN AHMADI,RAHMAN,AHMADI,1980-07-30,Iran,182,Sepahan FC,Goalkeeper,11,0
323326,RAIS MBOLHI,RAIS,MBOLHI,1986-04-25,Algeria,186,CSKA Sofia,Goalkeeper,27,0
298959,RAMIRES SANTOS,RAMIRES,SANTOS,1987-03-24,Brazil,181,Chelsea FC,Midfielder,42,0
315436,RAMON AZEEZ,RAMON,AZEEZ,1992-12-12,Nigeria,170,UD Almeria,Midfielder,1,0
237058,RANDALL BRENES,RANDALL,BRENES,1983-08-13,Costa Rica,170,CSD Cartagines,Forward,39,0
359440,RAPHAEL VARANE,RAPHAEL,VARANE,1993-04-25,France,191,Real Madrid CF,Defender,5,0
370469,RASHID SUMAILA,RASHID,SUMAILA,1992-12-18,Ghana,160,Mamelodi Sundowns FC,Defender,8,0
216820,RAUL ALBIOL,RAUL,ALBIOL,1985-09-04,Spain,187,SSC Napoli,Defender,46,0
356731,RAUL JIMENEZ,RAUL,JIMENEZ,1991-05-05,Mexico,186,Club America,Forward,23,0
210214,RAUL MEIRELES,RAUL,MEIRELES,1983-03-17,Portugal,179,Fenerbahce SK,Midfielder,73,0
216642,RETO ZIEGLER,RETO,ZIEGLER,1986-01-16,Switzerland,183,US Sassuolo,Defender,35,0
362641,REZA GHOOCHANNEJAD,REZA,GHOOCHANNEJAD,1987-09-20,Iran,181,Charlton Athletic FC,Forward,13,0
353379,REZA HAGHIGHI,REZA,HAGHIGHI,1989-02-01,Iran,190,Perspolis FC,Midfielder,7,0
349631,RICARDO ALVAREZ,RICARDO,ALVAREZ,1988-04-12,Argentina,188,FC Internazionale,Midfielder,5,0
210212,RICARDO COSTA,RICARDO,COSTA,1981-05-16,Portugal,183,Valencia CF,Defender,18,0
313559,RICARDO RODRIGUEZ,RICARDO,RODRIGUEZ,1992-08-25,Switzerland,180,VfL Wolfsburg,Defender,21,0
373224,RICKIE LAMBERT,RICKIE,LAMBERT,1982-02-16,England,188,Southampton FC,Forward,4,0
214571,RIO MAVUBA,RIO,MAVUBA,1984-03-08,France,172,Lille OSC,Midfielder,11,0
379942,RIYAD MAHREZ,RIYAD,MAHREZ,1991-02-21,Algeria,179,Leicester City FC,Forward,1,0
217315,ROBIN VAN PERSIE,ROBIN,VAN PERSIE,1983-08-06,Netherlands,186,Manchester United FC,Forward,84,1
319482,RODRIGO MUNOZ,RODRIGO,MUNOZ,1982-01-22,Uruguay,185,Club Libertad,Goalkeeper,0,0
230739,RODRIGO PALACIO,RODRIGO,PALACIO,1982-02-05,Argentina,175,FC Internazionale,Forward,21,0
304934,ROGER ESPINOZA,ROGER,ESPINOZA,1986-10-25,Honduras,180,Wigan Athletic FC,Midfielder,41,0
356676,ROMAN BUERKI,ROMAN,BUERKI,1990-11-14,Switzerland,188,Grasshopper Club,Goalkeeper,0,0
297383,ROMAN SHIROKOV,ROMAN,SHIROKOV,1981-07-06,Russia,183,FC Krasnodar,Midfielder,41,1
195223,ROMAN WEIDENFELLER,ROMAN,WEIDENFELLER,1980-08-06,Germany,188,Borussia Dortmund,Goalkeeper,2,0
358112,ROMELU LUKAKU,ROMELU,LUKAKU,1993-05-13,Belgium,190,Everton FC,Forward,29,0
216715,RON VLAAR,RON,VLAAR,1985-02-16,Netherlands,190,Aston Villa FC,Defender,23,0
302381,RON-ROBERT ZIELER,RON-ROBERT,ZIELER,1989-02-12,Germany,187,Hannover 96,Goalkeeper,3,0
369990,RONY MARTINEZ,RONY,MARTINEZ,1987-10-16,Honduras,171,CD Real Sociedad,Forward,9,0
369392,ROSS BARKLEY,ROSS,BARKLEY,1993-12-05,England,185,Everton FC,Midfielder,4,0
183798,ROY MILLER,ROY,MILLER,1984-11-24,Costa Rica,189,New York Red Bulls,Defender,47,0
299064,RUBEN AMORIM,RUBEN,AMORIM,1985-01-27,Portugal,180,SL Benfica,Midfielder,11,0
356710,RUBEN GABRIEL,RUBEN,GABRIEL,1990-09-25,Nigeria,184,KV Waasland-Beveren,Midfielder,10,0
269768,RUI PATRICIO,RUI,PATRICIO,1988-02-15,Portugal,189,Sporting CP,Goalkeeper,29,0
306410,RYAN MCGOWAN,RYAN,MCGOWAN,1989-08-15,Australia,185,Shandong Luneng Taishan FC,Defender,9,0
216970,SALOMON KALOU,SALOMON,KALOU,1985-08-05,Ivory Coast,175,Lille OSC,Forward,66,0
298655,SALVATORE SIRIGU,SALVATORE,SIRIGU,1987-01-12,Italy,190,Paris Saint-Germain FC,Goalkeeper,8,0
196900,SAMI KHEDIRA,SAMI,KHEDIRA,1987-04-04,Germany,189,Real Madrid CF,Midfielder,45,0
359375,SAMMIR CRUZ CAMPOS,SAMMIR,CRUZ CAMPOS,1987-04-23,Croatia,178,Getafe CF,Midfielder,5,0
380663,SAMMY BOSSUT,SAMMY,BOSSUT,1985-08-11,Belgium,187,SV Zulte Waregem,Goalkeeper,0,0
370438,SAMMY NDJOCK,SAMMY,NDJOCK,1990-02-25,Cameroon,178,Fethiyespor,Goalkeeper,2,0
170667,SAMUEL ETOO,SAMUEL,ETOO,1981-03-10,Cameroon,181,Chelsea FC,Forward,117,1
238381,SAMUEL INKOOM,SAMUEL,INKOOM,1989-06-01,Ghana,179,FC Platanias,Defender,46,0
297705,SANTI CAZORLA,SANTI,CAZORLA,1984-12-13,Spain,169,Arsenal FC,Midfielder,63,0
315614,SANTIAGO ARIAS,SANTIAGO,ARIAS,1992-01-13,Columbia,171,PSV Eindhoven,Defender,5,0
366573,SAPHIR TAIDER,SAPHIR,TAIDER,1992-02-29,Algeria,179,FC Internazionale,Midfielder,10,0
380004,SAYOUBA MANDE,SAYOUBA,MANDE,1993-06-15,Ivory Coast,193,Stabaek IF,Goalkeeper,1,0
376230,SEAD KOLASINAC,SEAD,KOLASINAC,1993-06-20,Bosnia & Herzegovina,183,FC Schalke 04,Defender,4,0
305382,SEBASTIAN COATES,SEBASTIAN,COATES,1990-10-07,Uruguay,196,Club Nacional de Football,Defender,14,0
184545,SEGUNDO CASTILLO,SEGUNDO,CASTILLO,1982-05-15,Ecuador,180,Al Hilal FC,Midfielder,81,0
300407,SEJAD SALIHOVIC,SEJAD,SALIHOVIC,1984-10-08,Bosnia & Herzegovina,182,TSG 1899 Hoffenheim,Midfielder,42,0
358099,SENAD LULIC,SENAD,LULIC,1986-01-18,Bosnia & Herzegovina,183,SS Lazio,Midfielder,33,0
300402,SENIJAD IBRICIC,SENIJAD,IBRICIC,1985-09-26,Bosnia & Herzegovina,185,Kayseri Erciyesspor,Midfielder,44,0
370522,SERGE AURIER,SERGE,AURIER,1992-12-24,Ivory Coast,176,Toulouse FC,Defender,7,0
186787,SERGEY IGNASHEVICH,SERGEY,IGNASHEVICH,1979-07-14,Russia,186,CSKA Moscow,Defender,97,0
367333,SERGEY RYZHIKOV,SERGEY,RYZHIKOV,1980-09-19,Russia,192,FC Rubin Kazan,Goalkeeper,1,0
228528,SERGIO AGUERO,SERGIO,AGUERO,1988-06-02,Argentina,172,Manchester City FC,Forward,50,0
303034,SERGIO BUSQUETS,SERGIO,BUSQUETS,1988-07-16,Spain,189,FC Barcelona,Midfielder,65,0
216814,SERGIO RAMOS,SERGIO,RAMOS,1986-03-30,Spain,183,Real Madrid CF,Defender,115,0
266783,SERGIO ROMERO,SERGIO,ROMERO,1987-02-22,Argentina,192,AS Monaco,Goalkeeper,45,0
268596,SHINJI KAGAWA,SHINJI,KAGAWA,1989-03-17,Japan,172,Manchester United FC,Forward,56,0
286278,SHINJI OKAZAKI,SHINJI,OKAZAKI,1986-04-16,Japan,174,FSV Mainz 05,Forward,75,0
186455,SHOLA AMEOBI,SHOLA,AMEOBI,1981-10-12,Nigeria,188,Newcastle United FC,Forward,6,0
321734,SHUICHI GONDA,SHUICHI,GONDA,1989-03-03,Japan,187,FC Tokyo,Goalkeeper,2,0
214581,SHUSAKU NISHIKAWA,SHUSAKU,NISHIKAWA,1986-06-18,Japan,183,Urawa Red Diamonds,Goalkeeper,12,0
336485,SIME VRSALJKO,SIME,VRSALJKO,1992-01-10,Croatia,183,Genoa CFC,Defender,6,0
298738,SIMON MIGNOLET,SIMON,MIGNOLET,1988-03-06,Belgium,193,Liverpool FC,Goalkeeper,14,0
319358,SOFIANE FEGHOULI,SOFIANE,FEGHOULI,1989-12-26,Algeria,177,Valencia CF,Forward,18,0
299090,SOKRATIS PAPASTATHOPOULOS,SOKRATIS,PAPASTATHOPOULOS,1988-06-09,Greece,186,Borussia Dortmund,Defender,47,0
307849,SON HEUNGMIN,SON,HEUNGMIN,1992-07-08,South Korea,183,Bayer 04 Leverkusen,Midfielder,24,0
207946,SOULEYMANE BAMBA,SOULEYMANE,BAMBA,1985-01-13,Ivory Coast,190,Trabzonspor,Defender,42,0
313021,STEFAN DE VRIJ,STEFAN,DE VRIJ,1992-02-05,Netherlands,190,Feyenoord Rotterdam,Defender,11,0
362645,STEFANOS KAPINO,STEFANOS,KAPINO,1994-03-18,Greece,196,Panathinaikos FC,Goalkeeper,2,0
196605,STEPHAN LICHTSTEINER,STEPHAN,LICHTSTEINER,1984-01-16,Switzerland,180,Juventus FC,Defender,63,0
200935,STEPHANE MBIA,STEPHANE,MBIA,1986-05-20,Cameroon,190,Sevilla FC,Midfielder,49,0
359448,STEPHANE RUFFIER,STEPHANE,RUFFIER,1986-09-27,France,188,AS Saint-Etienne,Goalkeeper,2,0
323574,STEPHEN ADAMS,STEPHEN,ADAMS,1989-09-28,Ghana,177,Aduana Stars,Goalkeeper,6,0
196620,STEVE VON BERGEN,STEVE,VON BERGEN,1983-06-10,Switzerland,183,BSC Young Boys,Defender,41,0
379889,STEVEN BEITASHOUR,STEVEN,BEITASHOUR,1987-02-01,Iran,178,Vancouver Whitecaps FC,Defender,6,0
290824,STEVEN DEFOUR,STEVEN,DEFOUR,1988-04-15,Belgium,173,FC Porto,Midfielder,43,0
214961,STEVEN GERRARD,STEVEN,GERRARD,1980-05-30,England,185,Liverpool FC,Midfielder,110,1
179048,STIPE PLETIKOSA,STIPE,PLETIKOSA,1979-01-08,Croatia,193,FC Rostov,Goalkeeper,110,0
183000,SULLEY MUNTARI,SULLEY,MUNTARI,1984-08-27,Ghana,179,AC Milan,Midfielder,80,0
367558,SYLVAIN GBOHOUO,SYLVAIN,GBOHOUO,1988-10-29,Ivory Coast,190,Sewe Sport,Goalkeeper,2,0
309716,TEOFILO GUTIERREZ,TEOFILO,GUTIERREZ,1985-05-17,Columbia,180,CA River Plate,Forward,29,0
336085,TERENCE KONGOLO,TERENCE,KONGOLO,1994-02-14,Netherlands,183,Feyenoord Rotterdam,Defender,1,0
230517,THEOFANIS GEKAS,THEOFANIS,GEKAS,1980-05-23,Greece,179,Konyaspor,Forward,71,0
175689,THIAGO MOTTA,THIAGO,MOTTA,1982-08-28,Italy,187,Paris Saint-Germain FC,Midfielder,22,0
289964,THIAGO SILVA,THIAGO,SILVA,1984-09-22,Brazil,182,Paris Saint-Germain FC,Defender,45,1
358106,THIBAUT COURTOIS,THIBAUT,COURTOIS,1992-05-11,Belgium,198,Atletico Madrid,Goalkeeper,16,0
321722,THOMAS MUELLER,THOMAS,MUELLER,1989-09-13,Germany,186,FC Bayern Muenchen,Forward,48,0
216880,THOMAS VERMAELEN,THOMAS,VERMAELEN,1985-11-14,Belgium,178,Arsenal FC,Defender,48,0
213001,TIM CAHILL,TIM,CAHILL,1979-12-06,Australia,180,New York Red Bulls,Forward,68,0
178420,TIM HOWARD,TIM,HOWARD,1979-03-06,USA,187,Everton FC,Goalkeeper,98,0
232760,TIM KRUL,TIM,KRUL,1988-04-03,Netherlands,193,Newcastle United FC,Goalkeeper,5,0
365556,TIMMY CHANDLER,TIMMY,CHANDLER,1990-03-29,USA,186,1. FC Nuernberg,Defender,12,0
379808,TINO SVEN SUSIC,TINO,SVEN SUSIC,1992-02-13,Bosnia & Herzegovina,186,HNK Hajduk Split,Midfielder,2,0
290864,TOBY ALDERWEIRELD,TOBY,ALDERWEIRELD,1989-03-02,Belgium,186,Atletico Madrid,Defender,34,0
306424,TOMMY OAR,TOMMY,OAR,1991-12-10,Australia,170,FC Utrecht,Midfielder,14,0
275162,TONI KROOS,TONI,KROOS,1990-01-04,Germany,182,FC Bayern Muenchen,Midfielder,43,0
359993,TONI SUNJIC,TONI,SUNJIC,1988-12-15,Bosnia & Herzegovina,192,FC Zorya Lugansk,Defender,7,0
268911,TOSHIHIRO AOYAMA,TOSHIHIRO,AOYAMA,1986-02-22,Japan,174,Sanfrecce Hiroshima,Midfielder,5,0
209979,TRANQUILLO BARNETTA,TRANQUILLO,BARNETTA,1985-05-22,Switzerland,178,Eintracht Frankfurt,Midfielder,74,0
338673,UCHE NWOFOR,UCHE,NWOFOR,1991-09-17,Nigeria,177,SC Heerenveen,Forward,6,0
267647,UWA ECHIEJILE,UWA,ECHIEJILE,1988-01-20,Nigeria,185,AS Monaco,Defender,41,0
297331,VALENTIN STOCKER,VALENTIN,STOCKER,1989-04-12,Switzerland,179,FC Basel,Midfielder,24,0
216627,VALON BEHRAMI,VALON,BEHRAMI,1985-04-19,Switzerland,184,SSC Napoli,Midfielder,48,0
215471,VANGELIS MORAS,VANGELIS,MORAS,1981-08-26,Greece,193,Hellas Verona FC,Defender,18,0
254166,VARELA SILVESTRE,VARELA,SILVESTRE,1985-02-02,Portugal,180,FC Porto,Forward,22,0
228336,VASILEIOS TOROSIDIS,VASILEIOS,TOROSIDIS,1985-06-10,Greece,185,AS Roma,Defender,65,0
186793,VASILY BEREZUTSKIY,VASILY,BEREZUTSKIY,1982-06-20,Russia,188,CSKA Moscow,Defender,77,0
300411,VEDAD IBISEVIC,VEDAD,IBISEVIC,1984-08-06,Bosnia & Herzegovina,189,VfB Stuttgart,Forward,55,0
297373,VEDRAN CORLUKA,VEDRAN,CORLUKA,1986-02-05,Croatia,192,FC Lokomotiv Moscow,Defender,72,0
309426,VICTOR LEANDRO BAGY,VICTOR,LEANDRO BAGY,1983-01-21,Brazil,195,Atletico Mineiro,Goalkeeper,6,0
213878,VICTOR BERNARDEZ,VICTOR,BERNARDEZ,1982-05-24,Honduras,187,San Jose Earthquakes,Defender,76,0
300235,VICTOR FAYZULIN,VICTOR,FAYZULIN,1986-04-22,Russia,176,FC Zenit St. Petersburg,Midfielder,18,0
349517,VICTOR IBARBO,VICTOR,IBARBO,1990-05-19,Columbia,188,Cagliari Calcio,Forward,8,0
274090,VICTOR MOSES,VICTOR,MOSES,1990-12-12,Nigeria,177,Liverpool FC,Forward,21,0
200205,VIEIRINHA DE FREITAS,VIEIRINHA,DE FREITAS,1986-01-24,Portugal,170,VfL Wolfsburg,Forward,7,0
323698,VINCENT ABOUBAKAR,VINCENT,ABOUBAKAR,1992-01-22,Cameroon,176,FC Lorient,Forward,24,0
189300,VINCENT ENYEAMA,VINCENT,ENYEAMA,1982-08-29,Nigeria,185,Lille OSC,Goalkeeper,90,1
216004,VINCENT KOMPANY,VINCENT,KOMPANY,1986-04-10,Belgium,190,Manchester City FC,Defender,59,1
358046,VLADIMIR GRANAT,VLADIMIR,GRANAT,1987-05-22,Russia,184,FC Dynamo Moscow,Defender,4,0
184447,WALTER AYOVI,WALTER,AYOVI,1979-08-11,Ecuador,173,CF Pachuca,Midfielder,89,0
276131,WALTER GARGANO,WALTER,GARGANO,1984-07-23,Uruguay,168,Parma FC,Midfielder,62,0
379974,WAYLON FRANCIS,WAYLON,FRANCIS,1990-09-20,Costa Rica,175,Columbus Crew,Defender,1,0
196842,WAYNE ROONEY,WAYNE,ROONEY,1985-10-24,England,176,Manchester United FC,Forward,90,0
215002,WESLEY SNEIJDER,WESLEY,SNEIJDER,1984-06-09,Netherlands,171,Galatasaray SK,Midfielder,98,0
353118,WILFRIED BONY,WILFRIED,BONY,1988-12-10,Ivory Coast,182,Swansea City AFC,Forward,23,0
376349,WILLIAM CARVALHO,WILLIAM,CARVALHO,1992-04-07,Portugal,185,Sporting CP,Midfielder,3,0
218306,WILLIAN DA SILVA,WILLIAN,DA SILVA,1988-08-09,Brazil,176,Chelsea FC,Midfielder,6,0
209827,WILSON PALACIOS,WILSON,PALACIOS,1984-07-29,Honduras,181,Stoke City FC,Midfielder,93,0
207528,XABI ALONSO,XABI,ALONSO,1981-11-25,Spain,183,Real Madrid CF,Midfielder,109,0
177855,XAVI HERNANDEZ,XAVI,HERNANDEZ,1980-01-25,Spain,170,FC Barcelona,Midfielder,131,0
321653,XHERDAN SHAQIRI,XHERDAN,SHAQIRI,1991-10-10,Switzerland,169,FC Bayern Muenchen,Midfielder,33,0
366309,YACINE BRAHIMI,YACINE,BRAHIMI,1990-02-08,Algeria,171,Granada CF,Midfielder,5,0
319460,YANN SOMMER,YANN,SOMMER,1988-12-17,Switzerland,183,FC Basel,Goalkeeper,6,0
177768,YASUHITO ENDO,YASUHITO,ENDO,1980-01-28,Japan,178,Gamba Osaka,Midfielder,143,0
184373,YASUYUKI KONNO,YASUYUKI,KONNO,1983-01-25,Japan,178,Gamba Osaka,Defender,80,0
198106,YAYA TOURE,YAYA,TOURE,1983-05-13,Ivory Coast,189,Manchester City FC,Midfielder,82,0
307541,YELTSIN TEJEDA,YELTSIN,TEJEDA,1992-03-17,Costa Rica,179,Deportivo Saprissa,Midfielder,22,0
358013,YOHAN CABAYE,YOHAN,CABAYE,1986-01-14,France,175,Paris Saint-Germain FC,Midfielder,29,0
275096,YOICHIRO KAKITANI,YOICHIRO,KAKITANI,1990-01-03,Japan,177,Cerezo Osaka,Forward,11,0
180936,YOSHITO OKUBO,YOSHITO,OKUBO,1982-06-09,Japan,170,Kawasaki Frontale,Forward,56,0
274283,YUN SUKYOUNG,YUN,SUKYOUNG,1990-02-13,South Korea,182,Queens Park Rangers FC,Defender,3,0
367343,YURY LODYGIN,YURY,LODYGIN,1990-05-26,Russia,186,FC Zenit St. Petersburg,Goalkeeper,2,0
216432,YURY ZHIRKOV,YURY,ZHIRKOV,1983-08-20,Russia,180,FC Dynamo Moscow,Forward,60,0
291372,YUTO NAGATOMO,YUTO,NAGATOMO,1986-09-12,Japan,170,FC Internazionale,Defender,69,0
275136,YUYA OSAKO,YUYA,OSAKO,1990-05-18,Japan,182,TSV 1860 Muenchen,Forward,8,0
216071,ZVJEZDAN MISIMOVIC,ZVJEZDAN,MISIMOVIC,1982-06-05,Bosnia & Herzegovina,180,Guizhou Renhe FC,Midfielder,81,0
