delete from prereq;
delete from horario;
delete from prof_orienta;
delete from aluno_cursa;
delete from aluno;
delete from ensina;
delete from turma;
delete from professor;
delete from disciplina;
delete from departamento;
delete from sala;
insert into sala values ('Packard', '101', '500');
insert into sala values ('Painter', '514', '10');
insert into sala values ('Taylor', '3128', '70');
insert into sala values ('Watson', '100', '30');
insert into sala values ('Watson', '120', '50');
insert into departamento values ('Biology', 'Watson', '90000');
insert into departamento values ('Comp. Sci.', 'Taylor', '100000');
insert into departamento values ('Elec. Eng.', 'Taylor', '85000');
insert into departamento values ('Finance', 'Painter', '120000');
insert into departamento values ('History', 'Painter', '50000');
insert into departamento values ('Music', 'Packard', '80000');
insert into departamento values ('Physics', 'Watson', '70000');
insert into disciplina values ('BIO-101', 'Intro. to Biology', 'Biology', '4');
insert into disciplina values ('BIO-301', 'Genetics', 'Biology', '4');
insert into disciplina values ('BIO-399', 'Computational Biology', 'Biology', '3');
insert into disciplina values ('CS-101', 'Intro. to Computer Science', 'Comp. Sci.', '4');
insert into disciplina values ('CS-190', 'Game Design', 'Comp. Sci.', '4');
insert into disciplina values ('CS-315', 'Robotics', 'Comp. Sci.', '3');
insert into disciplina values ('CS-319', 'Image Processing', 'Comp. Sci.', '3');
insert into disciplina values ('CS-347', 'Database System Concepts', 'Comp. Sci.', '3');
insert into disciplina values ('EE-181', 'Intro. to Digital Systems', 'Elec. Eng.', '3');
insert into disciplina values ('FIN-201', 'Investment Banking', 'Finance', '3');
insert into disciplina values ('HIS-351', 'World History', 'History', '3');
insert into disciplina values ('MU-199', 'Music Video Production', 'Music', '3');
insert into disciplina values ('PHY-101', 'Physical Principles', 'Physics', '4');
insert into professor values ('10101', 'Srinivasan', 'Comp. Sci.', '65000');
insert into professor values ('12121', 'Wu', 'Finance', '90000');
insert into professor values ('15151', 'Mozart', 'Music', '40000');
insert into professor values ('22222', 'Einstein', 'Physics', '95000');
insert into professor values ('32343', 'El Said', 'History', '60000');
insert into professor values ('33456', 'Gold', 'Physics', '87000');
insert into professor values ('45565', 'Katz', 'Comp. Sci.', '75000');
insert into professor values ('58583', 'Califieri', 'History', '62000');
insert into professor values ('76543', 'Singh', 'Finance', '80000');
insert into professor values ('76766', 'Crick', 'Biology', '72000');
insert into professor values ('83821', 'Brandt', 'Comp. Sci.', '92000');
insert into professor values ('98345', 'Kim', 'Elec. Eng.', '80000');
insert into turma values ('BIO-101', '1', 'Summer', '2017', 'Painter', '514', 'B');
insert into turma values ('BIO-301', '1', 'Summer', '2018', 'Painter', '514', 'A');
insert into turma values ('CS-101', '1', 'Fall', '2017', 'Packard', '101', 'H');
insert into turma values ('CS-101', '1', 'Spring', '2018', 'Packard', '101', 'F');
insert into turma values ('CS-190', '1', 'Spring', '2017', 'Taylor', '3128', 'E');
insert into turma values ('CS-190', '2', 'Spring', '2017', 'Taylor', '3128', 'A');
insert into turma values ('CS-315', '1', 'Spring', '2018', 'Watson', '120', 'D');
insert into turma values ('CS-319', '1', 'Spring', '2018', 'Watson', '100', 'B');
insert into turma values ('CS-319', '2', 'Spring', '2018', 'Taylor', '3128', 'C');
insert into turma values ('CS-347', '1', 'Fall', '2017', 'Taylor', '3128', 'A');
insert into turma values ('EE-181', '1', 'Spring', '2017', 'Taylor', '3128', 'C');
insert into turma values ('FIN-201', '1', 'Spring', '2018', 'Packard', '101', 'B');
insert into turma values ('HIS-351', '1', 'Spring', '2018', 'Painter', '514', 'C');
insert into turma values ('MU-199', '1', 'Spring', '2018', 'Packard', '101', 'D');
insert into turma values ('PHY-101', '1', 'Fall', '2017', 'Watson', '100', 'A');
insert into ensina values ('10101', 'CS-101', '1', 'Fall', '2017');
insert into ensina values ('10101', 'CS-315', '1', 'Spring', '2018');
insert into ensina values ('10101', 'CS-347', '1', 'Fall', '2017');
insert into ensina values ('12121', 'FIN-201', '1', 'Spring', '2018');
insert into ensina values ('15151', 'MU-199', '1', 'Spring', '2018');
insert into ensina values ('22222', 'PHY-101', '1', 'Fall', '2017');
insert into ensina values ('32343', 'HIS-351', '1', 'Spring', '2018');
insert into ensina values ('45565', 'CS-101', '1', 'Spring', '2018');
insert into ensina values ('45565', 'CS-319', '1', 'Spring', '2018');
insert into ensina values ('76766', 'BIO-101', '1', 'Summer', '2017');
insert into ensina values ('76766', 'BIO-301', '1', 'Summer', '2018');
insert into ensina values ('83821', 'CS-190', '1', 'Spring', '2017');
insert into ensina values ('83821', 'CS-190', '2', 'Spring', '2017');
insert into ensina values ('83821', 'CS-319', '2', 'Spring', '2018');
insert into ensina values ('98345', 'EE-181', '1', 'Spring', '2017');
insert into aluno values ('00128', 'Zhang', 'Comp. Sci.', '102');
insert into aluno values ('12345', 'Shankar', 'Comp. Sci.', '32');
insert into aluno values ('19991', 'Brandt', 'History', '80');
insert into aluno values ('23121', 'Chavez', 'Finance', '110');
insert into aluno values ('44553', 'Peltier', 'Physics', '56');
insert into aluno values ('45678', 'Levy', 'Physics', '46');
insert into aluno values ('54321', 'Williams', 'Comp. Sci.', '54');
insert into aluno values ('55739', 'Sanchez', 'Music', '38');
insert into aluno values ('70557', 'Snow', 'Physics', '0');
insert into aluno values ('76543', 'Brown', 'Comp. Sci.', '58');
insert into aluno values ('76653', 'Aoi', 'Elec. Eng.', '60');
insert into aluno values ('98765', 'Bourikas', 'Elec. Eng.', '98');
insert into aluno values ('98988', 'Tanaka', 'Biology', '120');
insert into aluno_cursa values ('00128', 'CS-101', '1', 'Fall', '2017', 'A');
insert into aluno_cursa values ('00128', 'CS-347', '1', 'Fall', '2017', 'A-');
insert into aluno_cursa values ('12345', 'CS-101', '1', 'Fall', '2017', 'C');
insert into aluno_cursa values ('12345', 'CS-190', '2', 'Spring', '2017', 'A');
insert into aluno_cursa values ('12345', 'CS-315', '1', 'Spring', '2018', 'A');
insert into aluno_cursa values ('12345', 'CS-347', '1', 'Fall', '2017', 'A');
insert into aluno_cursa values ('19991', 'HIS-351', '1', 'Spring', '2018', 'B');
insert into aluno_cursa values ('23121', 'FIN-201', '1', 'Spring', '2018', 'C+');
insert into aluno_cursa values ('44553', 'PHY-101', '1', 'Fall', '2017', 'B-');
insert into aluno_cursa values ('45678', 'CS-101', '1', 'Fall', '2017', 'F');
insert into aluno_cursa values ('45678', 'CS-101', '1', 'Spring', '2018', 'B+');
insert into aluno_cursa values ('45678', 'CS-319', '1', 'Spring', '2018', 'B');
insert into aluno_cursa values ('54321', 'CS-101', '1', 'Fall', '2017', 'A-');
insert into aluno_cursa values ('54321', 'CS-190', '2', 'Spring', '2017', 'B+');
insert into aluno_cursa values ('55739', 'MU-199', '1', 'Spring', '2018', 'A-');
insert into aluno_cursa values ('76543', 'CS-101', '1', 'Fall', '2017', 'A');
insert into aluno_cursa values ('76543', 'CS-319', '2', 'Spring', '2018', 'A');
insert into aluno_cursa values ('76653', 'EE-181', '1', 'Spring', '2017', 'C');
insert into aluno_cursa values ('98765', 'CS-101', '1', 'Fall', '2017', 'C-');
insert into aluno_cursa values ('98765', 'CS-315', '1', 'Spring', '2018', 'B');
insert into aluno_cursa values ('98988', 'BIO-101', '1', 'Summer', '2017', 'A');
insert into aluno_cursa values ('98988', 'BIO-301', '1', 'Summer', '2018', null);
insert into prof_orienta values ('00128', '45565');
insert into prof_orienta values ('12345', '10101');
insert into prof_orienta values ('23121', '76543');
insert into prof_orienta values ('44553', '22222');
insert into prof_orienta values ('45678', '22222');
insert into prof_orienta values ('76543', '45565');
insert into prof_orienta values ('76653', '98345');
insert into prof_orienta values ('98765', '98345');
insert into prof_orienta values ('98988', '76766');
insert into horario values ('A', 'M', '8', '0', '8', '50');
insert into horario values ('A', 'W', '8', '0', '8', '50');
insert into horario values ('A', 'F', '8', '0', '8', '50');
insert into horario values ('B', 'M', '9', '0', '9', '50');
insert into horario values ('B', 'W', '9', '0', '9', '50');
insert into horario values ('B', 'F', '9', '0', '9', '50');
insert into horario values ('C', 'M', '11', '0', '11', '50');
insert into horario values ('C', 'W', '11', '0', '11', '50');
insert into horario values ('C', 'F', '11', '0', '11', '50');
insert into horario values ('D', 'M', '13', '0', '13', '50');
insert into horario values ('D', 'W', '13', '0', '13', '50');
insert into horario values ('D', 'F', '13', '0', '13', '50');
insert into horario values ('E', 'T', '10', '30', '11', '45 ');
insert into horario values ('E', 'R', '10', '30', '11', '45 ');
insert into horario values ('F', 'T', '14', '30', '15', '45 ');
insert into horario values ('F', 'R', '14', '30', '15', '45 ');
insert into horario values ('G', 'M', '16', '0', '16', '50');
insert into horario values ('G', 'W', '16', '0', '16', '50');
insert into horario values ('G', 'F', '16', '0', '16', '50');
insert into horario values ('H', 'W', '10', '0', '12', '30');
insert into prereq values ('BIO-301', 'BIO-101');
insert into prereq values ('BIO-399', 'BIO-101');
insert into prereq values ('CS-190', 'CS-101');
insert into prereq values ('CS-315', 'CS-101');
insert into prereq values ('CS-319', 'CS-101');
insert into prereq values ('CS-347', 'CS-101');
insert into prereq values ('EE-181', 'PHY-101');
